Cód. Ref;Producto;Género;Categoría;Accesorios Requeridos;Estado
18481;Body Abby Azul Oscuro SM;F;Body Abby;Gafete Azul Oscuro, Prelavado Polilycra, Prelavado Taller, Talla SM, Stiker, Bolsa;activo
18431;Body Abby Blanco SM;F;Body Abby;Gafete Blanco, Prelavado Polilycra, Prelavado Taller, Talla SM, Stiker, Bolsa;activo
20091;Body Abby Cafe SM;F;Body Abby;Gafete Cafe, Prelavado Polilycra, Prelavado Taller, Talla SM, Stiker, Bolsa;activo
18451;Body Abby Camel SM;F;Body Abby;Gafete Camel, Prelavado Polilycra, Prelavado Taller, Talla SM, Stiker, Bolsa;activo
20101;Body Abby Crema SM;F;Body Abby;Gafete Crema, Prelavado Polilycra, Prelavado Taller, Talla SM, Stiker, Bolsa;activo
20103;Body Abby Lila xl;F;Body Abby;Gafete Lila, Prelavado Polilycra, Prelavado Taller, Talla LXL, Stiker, Bolsa;activo
18501;Body Abby Negro SM;F;Body Abby;Gafete Negro, Prelavado Polilycra, Prelavado Taller, Talla SM, Stiker, Bolsa;activo
18471;Body Abby Verde Militar SM;F;Body Abby;Gafete Verde Militar, Prelavado Polilycra, Prelavado Taller, Talla SM, Stiker, Bolsa;activo
18511;Body Abby Verde Oliva SM;F;Body Abby;Gafete Verde Oliva, Prelavado Polilycra, Prelavado Taller, Talla SM, Stiker, Bolsa;activo
REF-2226;Body Luz Negro SM;F;Body Alana;Gafete Negro, Prelavado Polilycra, Prelavado Taller, Talla SM, Stiker, Bolsa;activo
26903;Body Alaska Azul Bebe LXL;F;Body Alaska;Gafete Azul Bebe, Prelavado Polilycra, Prelavado Taller, Talla LXL, Stiker, Bolsa;activo
26901;Body Alaska Azul Bebe SM;F;Body Alaska;Gafete Azul Bebe, Prelavado Polilycra, Prelavado Taller, Talla SM, Stiker, Bolsa;activo
26093;Body Alaska Azul Oscuro LXL;F;Body Alaska;Gafete Azul Oscuro, Prelavado Polilycra, Prelavado Taller, Talla LXL, Stiker, Bolsa;activo
26091;Body Alaska Azul Oscuro SM;F;Body Alaska;Gafete Azul Oscuro, Prelavado Polilycra, Prelavado Taller, Talla SM, Stiker, Bolsa;activo
26053;Body Alaska Blanco LXL;F;Body Alaska;Gafete Azul Oscuro, Prelavado Polilycra, Prelavado Taller, Talla LXL, Stiker, Bolsa;activo
26051;Body Alaska Blanco SM;F;Body Alaska;Gafete Blanco, Prelavado Polilycra, Prelavado Taller, Talla SM, Stiker, Bolsa;activo
26103;Body Alaska Cafe LXL;F;Body Alaska;Gafete Cafe, Prelavado Polilycra, Prelavado Taller, Talla LXL, Stiker, Bolsa;activo
26101;Body Alaska Cafe SM;F;Body Alaska;Gafete Cafe, Prelavado Polilycra, Prelavado Taller, Talla SM, Stiker, Bolsa;activo
26073;Body Alaska Camel LXL;F;Body Alaska;Gafete Camel, Prelavado Polilycra, Prelavado Taller, Talla LXL, Stiker, Bolsa;activo
26071;Body Alaska Camel SM;F;Body Alaska;Gafete Camel, Prelavado Polilycra, Prelavado Taller, Talla SM, Stiker, Bolsa;activo
26063;Body Alaska Crema LXL;F;Body Alaska;Gafete Crema, Prelavado Polilycra, Prelavado Taller, Talla LXL, Stiker, Bolsa;activo
26061;Body Alaska Crema SM;F;Body Alaska;Gafete Crema, Prelavado Polilycra, Prelavado Taller, Talla SM, Stiker, Bolsa;activo
27533;Body Alaska Durazno LXL;F;Body Alaska;Gafete Durazno, Prelavado Polilycra, Prelavado Taller, Talla LXL, Stiker, Bolsa;activo
27531;Body Alaska Durazno SM;F;Body Alaska;Gafete Durazno, Prelavado Polilycra, Prelavado Taller, Talla SM, Stiker, Bolsa;activo
28803;Body Alaska Gris LXL;F;Body Alaska;Gafete Gris, Prelavado Polilycra, Prelavado Taller, Talla LXL, Stiker, Bolsa;activo
28801;Body Alaska Gris SM;F;Body Alaska;Gafete Gris, Prelavado Polilycra, Prelavado Taller, Talla SM, Stiker, Bolsa;activo
28813;Body Alaska Lila LXL;F;Body Alaska;Gafete Lila, Prelavado Polilycra, Prelavado Taller, Talla LXL, Stiker, Bolsa;activo
28811;Body Alaska Lila SM;F;Body Alaska;Gafete Lila, Prelavado Polilycra, Prelavado Taller, Talla SM, Stiker, Bolsa;activo
26043;Body Alaska Negro LXL;F;Body Alaska;Gafete Negro, Prelavado Polilycra, Prelavado Taller, Talla LXL, Stiker, Bolsa;activo
26041;Body Alaska Negro SM;F;Body Alaska;Gafete Negro, Prelavado Polilycra, Prelavado Taller, Talla SM, Stiker, Bolsa;activo
29653;Body Alaska Palo Rosa LXL;F;Body Alaska;Gafete Palo Rosa, Prelavado Polilycra, Prelavado Taller, Talla LXL, Stiker, Bolsa;activo
29651;Body Alaska Palo Rosa SM;F;Body Alaska;Gafete Palo Rosa, Prelavado Polilycra, Prelavado Taller, Talla SM, Stiker, Bolsa;activo
26883;Body Alaska Rojo LXL;F;Body Alaska;Gafete Rojo, Prelavado Polilycra, Prelavado Taller, Talla LXL, Stiker, Bolsa;activo
26881;Body Alaska Rojo SM;F;Body Alaska;Gafete Rojo, Prelavado Polilycra, Prelavado Taller, Talla SM, Stiker, Bolsa;activo
26893;Body Alaska Terracota LXL;F;Body Alaska;Gafete Terracota, Prelavado Polilycra, Prelavado Taller, Talla LXL, Stiker, Bolsa;activo
26891;Body Alaska Terracota SM;F;Body Alaska;Gafete Terracota, Prelavado Polilycra, Prelavado Taller, Talla SM, Stiker, Bolsa;activo
29663;Body Alaska Verde Lima LXL;F;Body Alaska;Gafete Verde Lima, Prelavado Polilycra, Prelavado Taller, Talla LXL, Stiker, Bolsa;activo
29661;Body Alaska Verde Lima SM;F;Body Alaska;Gafete Verde Lima, Prelavado Polilycra, Prelavado Taller, Talla SM, Stiker, Bolsa;activo
26083;Body Alaska Verde Militar LXL;F;Body Alaska;Gafete Verde Militar, Prelavado Polilycra, Prelavado Taller, Talla LXL, Stiker, Bolsa;activo
26081;Body Alaska Verde Militar SM;F;Body Alaska;Gafete Verde Militar, Prelavado Polilycra, Prelavado Taller, Talla SM, Stiker, Bolsa;activo
26113;Body Alaska Verde Oliva LXL;F;Body Alaska;Gafete Verde Oliva, Prelavado Polilycra, Prelavado Taller, Talla LXL, Stiker, Bolsa;activo
26111;Body Alaska Verde Oliva SM;F;Body Alaska;Gafete Verde Oliva, Prelavado Polilycra, Prelavado Taller, Talla SM, Stiker, Bolsa;activo
26913;Body Alaska Vinotinto LXL;F;Body Alaska;Gafete Vinotitno, Prelavado Polilycra, Prelavado Taller, Talla LXL, Stiker, Bolsa;activo
26911;Body Alaska Vinotinto SM;F;Body Alaska;Gafete Vinotitno, Prelavado Polilycra, Prelavado Taller, Talla SM, Stiker, Bolsa;activo
29053;Body Amelia Amarillo LXL;F;Body Amelia;Gafete Amarillo, Prelavado Polilycra, Prelavado Taller, Talla LXL, Stiker, Bolsa;activo
29051;Body Amelia Amarillo SM;F;Body Amelia;Gafete Amarillo, Prelavado Polilycra, Prelavado Taller, Talla SM, Stiker, Bolsa;activo
26823;Body Amelia Azul Bebe LXL;F;Body Amelia;Gafete Azul Bebe, Prelavado Polilycra, Prelavado Taller, Talla LXL, Stiker, Bolsa;activo
26821;Body Amelia Azul Bebe SM;F;Body Amelia;Gafete Azul Bebe, Prelavado Polilycra, Prelavado Taller, Talla SM, Stiker, Bolsa;activo
26263;Body Amelia Azul Oscuro LXL;F;Body Amelia;Gafete Azul Oscuro, Prelavado Polilycra, Prelavado Taller, Talla LXL, Stiker, Bolsa;activo
26261;Body Amelia Azul Oscuro SM;F;Body Amelia;Gafete Azul Oscuro, Prelavado Polilycra, Prelavado Taller, Talla SM, Stiker, Bolsa;activo
26223;Body Amelia Blanco LXL;F;Body Amelia;Gafete Blanco, Prelavado Polilycra, Prelavado Taller, Talla LXL, Stiker, Bolsa;activo
26221;Body Amelia Blanco SM;F;Body Amelia;Gafete Blanco, Prelavado Polilycra, Prelavado Taller, Talla SM, Stiker, Bolsa;activo
26273;Body Amelia Cafe LXL;F;Body Amelia;Gafete Cafe, Prelavado Polilycra, Prelavado Taller, Talla LXL, Stiker, Bolsa;activo
26271;Body Amelia Cafe SM;F;Body Amelia;Gafete Cafe, Prelavado Polilycra, Prelavado Taller, Talla SM, Stiker, Bolsa;activo
26243;Body Amelia Camel LXL;F;Body Amelia;Gafete Camel, Prelavado Polilycra, Prelavado Taller, Talla LXL, Stiker, Bolsa;activo
26241;Body Amelia Camel SM;F;Body Amelia;Gafete Camel, Prelavado Polilycra, Prelavado Taller, Talla SM, Stiker, Bolsa;activo
26233;Body Amelia Crema LXL;F;Body Amelia;Gafete Crema, Prelavado Polilycra, Prelavado Taller, Talla LXL, Stiker, Bolsa;activo
26231;Body Amelia Crema SM;F;Body Amelia;Gafete Crema, Prelavado Polilycra, Prelavado Taller, Talla SM, Stiker, Bolsa;activo
27493;Body Amelia Durazno LXL;F;Body Amelia;Gafete Durazno, Prelavado Polilycra, Prelavado Taller, Talla LXL, Stiker, Bolsa;activo
27491;Body Amelia Durazno SM;F;Body Amelia;Gafete Durazno, Prelavado Polilycra, Prelavado Taller, Talla SM, Stiker, Bolsa;activo
28823;Body Amelia Gris LXL;F;Body Amelia;Gafete Gris, Prelavado Polilycra, Prelavado Taller, Talla LXL, Stiker, Bolsa;activo
28821;Body Amelia Gris SM;F;Body Amelia;Gafete Gris, Prelavado Polilycra, Prelavado Taller, Talla SM, Stiker, Bolsa;activo
28713;Body Amelia Lila LXL;F;Body Amelia;Gafete Lila, Prelavado Polilycra, Prelavado Taller, Talla LXL, Stiker, Bolsa;activo
28711;Body Amelia Lila SM;F;Body Amelia;Gafete Lila, Prelavado Polilycra, Prelavado Taller, Talla SM, Stiker, Bolsa;activo
26213;Body Amelia Negro LXL;F;Body Amelia;Gafete Negro, Prelavado Polilycra, Prelavado Taller, Talla LXL, Stiker, Bolsa;activo
26211;Body Amelia Negro SM;F;Body Amelia;Gafete Negro, Prelavado Polilycra, Prelavado Taller, Talla SM, Stiker, Bolsa;activo
26983;Body Amelia Rojo LXL;F;Body Amelia;Gafete Rojo, Prelavado Polilycra, Prelavado Taller, Talla LXL, Stiker, Bolsa;activo
26981;Body Amelia Rojo SM;F;Body Amelia;Gafete Rojo, Prelavado Polilycra, Prelavado Taller, Talla SM, Stiker, Bolsa;activo
26993;Body Amelia Terracota LXL;F;Body Amelia;Gafete Terracota, Prelavado Polilycra, Prelavado Taller, Talla LXL, Stiker, Bolsa;activo
26991;Body Amelia Terracota SM;F;Body Amelia;Gafete Terracota, Prelavado Polilycra, Prelavado Taller, Talla SM, Stiker, Bolsa;activo
26253;Body Amelia Verde Militar LXL;F;Body Amelia;Gafete Verde Militar, Prelavado Polilycra, Prelavado Taller, Talla LXL, Stiker, Bolsa;activo
26251;Body Amelia Verde Militar SM;F;Body Amelia;Gafete Verde Militar, Prelavado Polilycra, Prelavado Taller, Talla SM, Stiker, Bolsa;activo
26283;Body Amelia Verde Oliva LXL;F;Body Amelia;Gafete Verde Oliva, Prelavado Polilycra, Prelavado Taller, Talla LXL, Stiker, Bolsa;activo
26281;Body Amelia Verde Oliva SM;F;Body Amelia;Gafete Verde Oliva, Prelavado Polilycra, Prelavado Taller, Talla SM, Stiker, Bolsa;activo
26863;Body Amelia Vinotinto LXL;F;Body Amelia;Gafete Vinotitno, Prelavado Polilycra, Prelavado Taller, Talla LXL, Stiker, Bolsa;activo
26861;Body Amelia Vinotinto SM;F;Body Amelia;Gafete Vinotitno, Prelavado Polilycra, Prelavado Taller, Talla SM, Stiker, Bolsa;activo
27983;Body Burbuja Azul Bebe LXL;F;Body Burbuja;Gafete Azul Bebe, Prelavado Polilycra, Prelavado Taller, Talla LXL, Stiker, Bolsa;activo
27981;Body Burbuja Azul Bebe SM;F;Body Burbuja;Gafete Azul Bebe, Prelavado Polilycra, Prelavado Taller, Talla SM, Stiker, Bolsa;activo
27973;Body Burbuja Azul Oscuro LXL;F;Body Burbuja;Gafete Azul Oscuro, Prelavado Polilycra, Prelavado Taller, Talla LXL, Stiker, Bolsa;activo
27971;Body Burbuja Azul Oscuro SM;F;Body Burbuja;Gafete Azul Oscuro, Prelavado Polilycra, Prelavado Taller, Talla SM, Stiker, Bolsa;activo
27933;Body Burbuja Blanco LXL;F;Body Burbuja;Gafete Blanco, Prelavado Polilycra, Prelavado Taller, Talla LXL, Stiker, Bolsa;activo
27931;Body Burbuja Blanco SM;F;Body Burbuja;Gafete Blanco, Prelavado Polilycra, Prelavado Taller, Talla SM, Stiker, Bolsa;activo
28003;Body Burbuja Café LXL;F;Body Burbuja;Gafete café, Prelavado Polilycra, Prelavado Taller, Talla LXL, Stiker, Bolsa;activo
28001;Body Burbuja Café SM;F;Body Burbuja;Gafete café, Prelavado Polilycra, Prelavado Taller, Talla SM, Stiker, Bolsa;activo
28013;Body Burbuja Camel LXL;F;Body Burbuja;Gafete Camel, Prelavado Polilycra, Prelavado Taller, Talla LXL, Stiker, Bolsa;activo
28011;Body Burbuja Camel SM;F;Body Burbuja;Gafete Camel, Prelavado Polilycra, Prelavado Taller, Talla SM, Stiker, Bolsa;activo
27923;Body Burbuja Crema LXL;F;Body Burbuja;Gafete Crema, Prelavado Polilycra, Prelavado Taller, Talla LXL, Stiker, Bolsa;activo
27921;Body Burbuja Crema SM;F;Body Burbuja;Gafete Crema, Prelavado Polilycra, Prelavado Taller, Talla SM, Stiker, Bolsa;activo
28023;Body Burbuja Durazno LXL;F;Body Burbuja;Gafete Durazno, Prelavado Polilycra, Prelavado Taller, Talla LXL, Stiker, Bolsa;activo
28021;Body Burbuja Durazno SM;F;Body Burbuja;Gafete Durazno, Prelavado Polilycra, Prelavado Taller, Talla SM, Stiker, Bolsa;activo
28033;Body Burbuja Gris LXL;F;Body Burbuja;Gafete Gris, Prelavado Polilycra, Prelavado Taller, Talla LXL, Stiker, Bolsa;activo
28031;Body Burbuja Gris SM;F;Body Burbuja;Gafete Gris, Prelavado Polilycra, Prelavado Taller, Talla SM, Stiker, Bolsa;activo
28043;Body Burbuja Lila LXL;F;Body Burbuja;Gafete Lila, Prelavado Polilycra, Prelavado Taller, Talla LXL, Stiker, Bolsa;activo
28041;Body Burbuja Lila SM;F;Body Burbuja;Gafete Lila, Prelavado Polilycra, Prelavado Taller, Talla SM, Stiker, Bolsa;activo
27913;Body Burbuja Negro LXL;F;Body Burbuja;Gafete Negro, Prelavado Polilycra, Prelavado Taller, Talla LXL, Stiker, Bolsa;activo
27911;Body Burbuja Negro SM;F;Body Burbuja;Gafete Negro, Prelavado Polilycra, Prelavado Taller, Talla SM, Stiker, Bolsa;activo
27943;Body Burbuja Rojo LXL;F;Body Burbuja;Gafete Rojo, Prelavado Polilycra, Prelavado Taller, Talla LXL, Stiker, Bolsa;activo
27941;Body Burbuja Rojo SM;F;Body Burbuja;Gafete Rojo, Prelavado Polilycra, Prelavado Taller, Talla SM, Stiker, Bolsa;activo
27953;Body Burbuja Terracota LXL;F;Body Burbuja;Gafete Terracota, Prelavado Polilycra, Prelavado Taller, Talla LXL, Stiker, Bolsa;activo
27951;Body Burbuja Terracota SM;F;Body Burbuja;Gafete Terracota, Prelavado Polilycra, Prelavado Taller, Talla SM, Stiker, Bolsa;activo
27993;Body Burbuja Verde Militar LXL;F;Body Burbuja;Gafete Verde Militar, Prelavado Polilycra, Prelavado Taller, Talla LXL, Stiker, Bolsa;activo
27991;Body Burbuja Verde Militar SM;F;Body Burbuja;Gafete Verde Militar, Prelavado Polilycra, Prelavado Taller, Talla SM, Stiker, Bolsa;activo
29133;Body Burbuja Verde Oliva LXL;F;Body Burbuja;Gafete Verde Oliva, Prelavado Polilycra, Prelavado Taller, Talla LXL, Stiker, Bolsa;activo
29131;Body Burbuja Verde Oliva SM;F;Body Burbuja;Gafete Verde Oliva, Prelavado Polilycra, Prelavado Taller, Talla SM, Stiker, Bolsa;activo
27963;Body Burbuja Vinotinto LXL;F;Body Burbuja;Gafete Vinotitno, Prelavado Polilycra, Prelavado Taller, Talla LXL, Stiker, Bolsa;activo
27961;Body Burbuja Vinotinto SM;F;Body Burbuja;Gafete Vinotitno, Prelavado Polilycra, Prelavado Taller, Talla SM, Stiker, Bolsa;activo
26563;Body Caramelo Azul Oscuro LXL;F;Body Caramelo;Gafete Azul Oscuro, Prelavado Polilycra, Prelavado Taller, Talla LXL, Stiker, Bolsa, Caucho;activo
26561;Body Caramelo Azul Oscuro SM;F;Body Caramelo;Gafete Azul Oscuro, Prelavado Polilycra, Prelavado Taller, Talla SM, Stiker, Bolsa, Caucho;activo
26523;Body Caramelo Blanco LXL;F;Body Caramelo;Gafete Blanco, Prelavado Polilycra, Prelavado Taller, Talla LXL, Stiker, Bolsa, Caucho;activo
26521;Body Caramelo Blanco SM;F;Body Caramelo;Gafete Blanco, Prelavado Polilycra, Prelavado Taller, Talla SM, Stiker, Bolsa, Caucho;activo
26573;Body Caramelo Cafe LXL;F;Body Caramelo;Gafete Cafe, Prelavado Polilycra, Prelavado Taller, Talla LXL, Stiker, Bolsa, Caucho;activo
26571;Body Caramelo Cafe SM;F;Body Caramelo;Gafete Cafe, Prelavado Polilycra, Prelavado Taller, Talla SM, Stiker, Bolsa, Caucho;activo
26543;Body Caramelo Camel LXL;F;Body Caramelo;Gafete Camel, Prelavado Polilycra, Prelavado Taller, Talla LXL, Stiker, Bolsa, Caucho;activo
26541;Body Caramelo Camel SM;F;Body Caramelo;Gafete Camel, Prelavado Polilycra, Prelavado Taller, Talla SM, Stiker, Bolsa, Caucho;activo
26533;Body Caramelo Crema LXL;F;Body Caramelo;Gafete Crema, Prelavado Polilycra, Prelavado Taller, Talla LXL, Stiker, Bolsa, Caucho;activo
26531;Body Caramelo Crema SM;F;Body Caramelo;Gafete Crema, Prelavado Polilycra, Prelavado Taller, Talla SM, Stiker, Bolsa, Caucho;activo
26513;Body Caramelo Negro LXL;F;Body Caramelo;Gafete Negro, Prelavado Polilycra, Prelavado Taller, Talla LXL, Stiker, Bolsa, Caucho;activo
26511;Body Caramelo Negro SM;F;Body Caramelo;Gafete Negro, Prelavado Polilycra, Prelavado Taller, Talla SM, Stiker, Bolsa, Caucho;activo
26553;Body Caramelo Verde Militar LXL;F;Body Caramelo;Gafete Verde Militar, Prelavado Polilycra, Prelavado Taller, Talla LXL, Stiker, Bolsa, Caucho;activo
26551;Body Caramelo Verde Militar SM;F;Body Caramelo;Gafete Verde Militar, Prelavado Polilycra, Prelavado Taller, Talla SM, Stiker, Bolsa, Caucho;activo
26583;Body Caramelo Verde Oliva LXL;F;Body Caramelo;Gafete Verde Oliva, Prelavado Polilycra, Prelavado Taller, Talla LXL, Stiker, Bolsa, Caucho;activo
26581;Body Caramelo Verde Oliva SM;F;Body Caramelo;Gafete Verde Oliva, Prelavado Polilycra, Prelavado Taller, Talla SM, Stiker, Bolsa, Caucho;activo
23283;Body Celeste Azul Bebe LXL;F;Body Celeste;Gafete Azul Bebe, Prelavado Polilycra, Prelavado Taller, Talla LXL, Stiker, Bolsa;activo
23281;Body Celeste Azul Bebe SM;F;Body Celeste;Gafete Azul Bebe, Prelavado Polilycra, Prelavado Taller, Talla SM, Stiker, Bolsa;activo
23311;Body Celeste Azul Oscuro SM;F;Body Celeste;Gafete Azul Oscuro, Prelavado Polilycra, Prelavado Taller, Talla SM, Stiker, Bolsa;activo
23313;Body Celeste Azul Oscuro XL;F;Body Celeste;Gafete Azul Oscuro, Prelavado Polilycra, Prelavado Taller, Talla LXL, Stiker, Bolsa;activo
23303;Body Celeste Blanco LXL;F;Body Celeste;Gafete Blanco, Prelavado Polilycra, Prelavado Taller, Talla LXL, Stiker, Bolsa;activo
23301;Body Celeste Blanco SM;F;Body Celeste;Gafete Blanco, Prelavado Polilycra, Prelavado Taller, Talla SM, Stiker, Bolsa;activo
25093;Body Celeste Cafe LXL;F;Body Celeste;Gafete Cafe, Prelavado Polilycra, Prelavado Taller, Talla LXL, Stiker, Bolsa;activo
25091;Body Celeste Cafe SM;F;Body Celeste;Gafete Cafe, Prelavado Polilycra, Prelavado Taller, Talla SM, Stiker, Bolsa;activo
25613;Body Celeste Camel LXL;F;Body Celeste;Gafete Camel, Prelavado Polilycra, Prelavado Taller, Talla LXL, Stiker, Bolsa;activo
25611;Body Celeste Camel SM;F;Body Celeste;Gafete Camel, Prelavado Polilycra, Prelavado Taller, Talla SM, Stiker, Bolsa;activo
23253;Body Celeste Crema LXL;F;Body Celeste;Gafete Crema, Prelavado Polilycra, Prelavado Taller, Talla LXL, Stiker, Bolsa;activo
23251;Body Celeste Crema SM;F;Body Celeste;Gafete Crema, Prelavado Polilycra, Prelavado Taller, Talla SM, Stiker, Bolsa;activo
23273;Body Celeste Gris LXL;F;Body Celeste;Gafete Gris, Prelavado Polilycra, Prelavado Taller, Talla LXL, Stiker, Bolsa;activo
23271;Body Celeste Gris SM;F;Body Celeste;Gafete Gris, Prelavado Polilycra, Prelavado Taller, Talla SM, Stiker, Bolsa;activo
25083;Body Celeste Lila LXL;F;Body Celeste;Gafete Lila, Prelavado Polilycra, Prelavado Taller, Talla LXL, Stiker, Bolsa;activo
25081;Body Celeste Lila SM;F;Body Celeste;Gafete Lila, Prelavado Polilycra, Prelavado Taller, Talla SM, Stiker, Bolsa;activo
23243;Body Celeste Negro LXL;F;Body Celeste;Gafete Negro, Prelavado Polilycra, Prelavado Taller, Talla LXL, Stiker, Bolsa;activo
23241;Body Celeste Negro SM;F;Body Celeste;Gafete Negro, Prelavado Polilycra, Prelavado Taller, Talla SM, Stiker, Bolsa;activo
29121;Body Celeste Rojo SM;F;Body Celeste;Gafete Rojo, Prelavado Polilycra, Prelavado Taller, Talla SM, Stiker, Bolsa;activo
29113;Body Celeste Terracota LXL;F;Body Celeste;Gafete Terracota, Prelavado Polilycra, Prelavado Taller, Talla LXL, Stiker, Bolsa;activo
29111;Body Celeste Terracota SM;F;Body Celeste;Gafete Terracota, Prelavado Polilycra, Prelavado Taller, Talla SM, Stiker, Bolsa;activo
24093;Body Celeste Verde Militar LXL;F;Body Celeste;Gafete Verde Militar, Prelavado Polilycra, Prelavado Taller, Talla LXL, Stiker, Bolsa;activo
24091;Body Celeste Verde Militar SM;F;Body Celeste;Gafete Verde Militar, Prelavado Polilycra, Prelavado Taller, Talla SM, Stiker, Bolsa;activo
25633;Body Celeste Verde Oliva LXL;F;Body Celeste;Gafete Verde Oliva, Prelavado Polilycra, Prelavado Taller, Talla LXL, Stiker, Bolsa;activo
25631;Body Celeste Verde Oliva SM;F;Body Celeste;Gafete Verde Oliva, Prelavado Polilycra, Prelavado Taller, Talla SM, Stiker, Bolsa;activo
23293;Body Celeste Vinotinto LXL;F;Body Celeste;Gafete Vinotitno, Prelavado Polilycra, Prelavado Taller, Talla LXL, Stiker, Bolsa;activo
23291;Body Celeste Vinotinto SM;F;Body Celeste;Gafete Vinotitno, Prelavado Polilycra, Prelavado Taller, Talla SM, Stiker, Bolsa;activo
24393;Body Check Agua Marina LXL;F;Body Check;GafeteAgua Marina, Prelavado Polilycra, Prelavado Taller, Talla LXL, Stiker, Bolsa;activo
24391;Body Check Agua Marina SM;F;Body Check;GafeteAgua Marina, Prelavado Polilycra, Prelavado Taller, Talla SM, Stiker, Bolsa;activo
24753;Body Check Azul Bebe LXL;F;Body Check;Gafete Azul Bebe, Prelavado Polilycra, Prelavado Taller, Talla LXL, Stiker, Bolsa;activo
24751;Body Check Azul Bebe SM;F;Body Check;Gafete Azul Bebe, Prelavado Polilycra, Prelavado Taller, Talla SM, Stiker, Bolsa;activo
25673;Body Check Azul Oscuro LXL;F;Body Check;Gafete Azul Oscuro, Prelavado Polilycra, Prelavado Taller, Talla LXL, Stiker, Bolsa;activo
25671;Body Check Azul Oscuro SM;F;Body Check;Gafete Azul Oscuro, Prelavado Polilycra, Prelavado Taller, Talla SM, Stiker, Bolsa;activo
24383;Body Check Blanco LXL;F;Body Check;Gafete Blanco, Prelavado Polilycra, Prelavado Taller, Talla LXL, Stiker, Bolsa;activo
24381;Body Check Blanco SM;F;Body Check;Gafete Blanco, Prelavado Polilycra, Prelavado Taller, Talla SM, Stiker, Bolsa;activo
25683;Body Check Cafe LXL;F;Body Check;Gafete Cafe, Prelavado Polilycra, Prelavado Taller, Talla LXL, Stiker, Bolsa;activo
25681;Body Check Cafe SM;F;Body Check;Gafete Cafe, Prelavado Polilycra, Prelavado Taller, Talla SM, Stiker, Bolsa;activo
24783;Body Check Camel LXL;F;Body Check;Gafete Camel, Prelavado Polilycra, Prelavado Taller, Talla LXL, Stiker, Bolsa;activo
24781;Body Check Camel SM;F;Body Check;Gafete Camel, Prelavado Polilycra, Prelavado Taller, Talla SM, Stiker, Bolsa;activo
24373;Body Check Crema LXL;F;Body Check;Gafete Crema, Prelavado Polilycra, Prelavado Taller, Talla LXL, Stiker, Bolsa;activo
24371;Body Check Crema SM;F;Body Check;Gafete Crema, Prelavado Polilycra, Prelavado Taller, Talla SM, Stiker, Bolsa;activo
24403;Body Check Durazno LXL;F;Body Check;Gafete Durazno, Prelavado Polilycra, Prelavado Taller, Talla LXL, Stiker, Bolsa;activo
24401;Body Check Durazno SM;F;Body Check;Gafete Durazno, Prelavado Polilycra, Prelavado Taller, Talla SM, Stiker, Bolsa;activo
28163;Body Check Gris LXL;F;Body Check;Gafete Gris, Prelavado Polilycra, Prelavado Taller, Talla LXL, Stiker, Bolsa;activo
28161;Body Check Gris SM;F;Body Check;Gafete Gris, Prelavado Polilycra, Prelavado Taller, Talla SM, Stiker, Bolsa;activo
28183;Body Check Lila LXL;F;Body Check;Gafete Lila, Prelavado Polilycra, Prelavado Taller, Talla LXL, Stiker, Bolsa;activo
28181;Body Check Lila SM;F;Body Check;Gafete Lila, Prelavado Polilycra, Prelavado Taller, Talla SM, Stiker, Bolsa;activo
24363;Body Check Negro LXL;F;Body Check;Gafete Negro, Prelavado Polilycra, Prelavado Taller, Talla LXL, Stiker, Bolsa;activo
24361;Body Check Negro SM;F;Body Check;Gafete Negro, Prelavado Polilycra, Prelavado Taller, Talla SM, Stiker, Bolsa;activo
27033;Body Check Rojo LXL;F;Body Check;Gafete Rojo, Prelavado Polilycra, Prelavado Taller, Talla LXL, Stiker, Bolsa;activo
27031;Body Check Rojo SM;F;Body Check;Gafete Rojo, Prelavado Polilycra, Prelavado Taller, Talla SM, Stiker, Bolsa;activo
27043;Body Check Terracota LXL;F;Body Check;Gafete Terracota, Prelavado Polilycra, Prelavado Taller, Talla LXL, Stiker, Bolsa;activo
27041;Body Check Terracota SM;F;Body Check;Gafete Terracota, Prelavado Polilycra, Prelavado Taller, Talla SM, Stiker, Bolsa;activo
24773;Body Check Verde Cali LXL;F;Body Check;Gafete Verde Cali, Prelavado Polilycra, Prelavado Taller, Talla LXL, Stiker, Bolsa;activo
24771;Body Check Verde Cali SM;F;Body Check;Gafete Verde Cali, Prelavado Polilycra, Prelavado Taller, Talla SM, Stiker, Bolsa;activo
24763;Body Check Verde Militar LXL;F;Body Check;Gafete Verde Militar, Prelavado Polilycra, Prelavado Taller, Talla LXL, Stiker, Bolsa;activo
24761;Body Check Verde Militar SM;F;Body Check;Gafete Verde Militar, Prelavado Polilycra, Prelavado Taller, Talla SM, Stiker, Bolsa;activo
25693;Body Check Verde Oliva LXL;F;Body Check;Gafete Verde Oliva, Prelavado Polilycra, Prelavado Taller, Talla LXL, Stiker, Bolsa;activo
25691;Body Check Verde Oliva SM;F;Body Check;Gafete Verde Oliva, Prelavado Polilycra, Prelavado Taller, Talla SM, Stiker, Bolsa;activo
27053;Body Check Vinotinto LXL;F;Body Check;Gafete Vinotitno, Prelavado Polilycra, Prelavado Taller, Talla LXL, Stiker, Bolsa;activo
27051;Body Check Vinotinto SM;F;Body Check;Gafete Vinotitno, Prelavado Polilycra, Prelavado Taller, Talla SM, Stiker, Bolsa;activo
29043;Body Cora Amarillo LXL;F;Body Cora;Gafete Amarillo, Prelavado Polilycra, Prelavado Taller, Talla LXL, Stiker, Bolsa;activo
29041;Body Cora Amarillo SM;F;Body Cora;Gafete Amarillo, Prelavado Polilycra, Prelavado Taller, Talla SM, Stiker, Bolsa;activo
22383;Body Cora Azul Bebe LXL;F;Body Cora;Gafete Azul Bebe, Prelavado Polilycra, Prelavado Taller, Talla LXL, Stiker, Bolsa;activo
22381;Body Cora Azul Bebe SM;F;Body Cora;Gafete Azul Bebe, Prelavado Polilycra, Prelavado Taller, Talla SM, Stiker, Bolsa;activo
22373;Body Cora Azul Oscuro LXL;F;Body Cora;Gafete Azul Oscuro, Prelavado Polilycra, Prelavado Taller, Talla LXL, Stiker, Bolsa;activo
22371;Body Cora Azul Oscuro SM;F;Body Cora;Gafete Azul Oscuro, Prelavado Polilycra, Prelavado Taller, Talla SM, Stiker, Bolsa;activo
20043;Body Cora Blanco LXL;F;Body Cora;Gafete Blanco, Prelavado Polilycra, Prelavado Taller, Talla LXL, Stiker, Bolsa;activo
20041;Body Cora Blanco SM;F;Body Cora;Gafete Blanco, Prelavado Polilycra, Prelavado Taller, Talla SM, Stiker, Bolsa;activo
20061;Body Cora Cafe SM;F;Body Cora;Gafete Cafe, Prelavado Polilycra, Prelavado Taller, Talla SM, Stiker, Bolsa;activo
20063;Body Cora Cafe XL;F;Body Cora;Gafete Cafe, Prelavado Polilycra, Prelavado Taller, Talla LXL, Stiker, Bolsa;activo
20083;Body Cora Camel LXL;F;Body Cora;Gafete Camel, Prelavado Polilycra, Prelavado Taller, Talla LXL, Stiker, Bolsa;activo
20081;Body Cora Camel SM;F;Body Cora;Gafete Camel, Prelavado Polilycra, Prelavado Taller, Talla SM, Stiker, Bolsa;activo
22421;Body Cora Crema SM;F;Body Cora;Gafete Crema, Prelavado Polilycra, Prelavado Taller, Talla SM, Stiker, Bolsa;activo
22423;Body Cora Crema XL;F;Body Cora;Gafete Crema, Prelavado Polilycra, Prelavado Taller, Talla LXL, Stiker, Bolsa;activo
22393;Body Cora Durazno LXL;F;Body Cora;Gafete Durazno, Prelavado Polilycra, Prelavado Taller, Talla LXL, Stiker, Bolsa;activo
22391;Body Cora Durazno SM;F;Body Cora;Gafete Durazno, Prelavado Polilycra, Prelavado Taller, Talla SM, Stiker, Bolsa;activo
23103;Body Cora Gris LXL;F;Body Cora;Gafete Gris, Prelavado Polilycra, Prelavado Taller, Talla LXL, Stiker, Bolsa;activo
23101;Body Cora Gris SM;F;Body Cora;Gafete Gris, Prelavado Polilycra, Prelavado Taller, Talla SM, Stiker, Bolsa;activo
22351;Body Cora Lila SM;F;Body Cora;Gafete Lila, Prelavado Polilycra, Prelavado Taller, Talla SM, Stiker, Bolsa;activo
22353;Body Cora LilaLXL;F;Body Cora;Gafete Lila, Prelavado Polilycra, Prelavado Taller, Talla LXL, Stiker, Bolsa;activo
20033;Body Cora Negro LXL;F;Body Cora;Gafete Negro, Prelavado Polilycra, Prelavado Taller, Talla LXL, Stiker, Bolsa;activo
20031;Body Cora Negro SM;F;Body Cora;Gafete Negro, Prelavado Polilycra, Prelavado Taller, Talla SM, Stiker, Bolsa;activo
29233;Body Cora Palo Rosa LXL;F;Body Cora;Gafete Palo Rosa, Prelavado Polilycra, Prelavado Taller, Talla LXL, Stiker, Bolsa;activo
29231;Body Cora Palo Rosa SM;F;Body Cora;Gafete Palo Rosa, Prelavado Polilycra, Prelavado Taller, Talla SM, Stiker, Bolsa;activo
24123;Body Cora Rojo LXL;F;Body Cora;Gafete Rojo, Prelavado Polilycra, Prelavado Taller, Talla LXL, Stiker, Bolsa;activo
24121;Body Cora Rojo SM;F;Body Cora;Gafete Rojo, Prelavado Polilycra, Prelavado Taller, Talla SM, Stiker, Bolsa;activo
20073;Body Cora Rosado LXL;F;Body Cora;Gafete Rosado, Prelavado Polilycra, Prelavado Taller, Talla LXL, Stiker, Bolsa;activo
27063;Body Cora Terracota LXL;F;Body Cora;Gafete Terracota, Prelavado Polilycra, Prelavado Taller, Talla LXL, Stiker, Bolsa;activo
27061;Body Cora Terracota SM;F;Body Cora;Gafete Terracota, Prelavado Polilycra, Prelavado Taller, Talla SM, Stiker, Bolsa;activo
22341;Body Cora Uva SM;F;Body Cora;Gafete Uva, Prelavado Polilycra, Prelavado Taller, Talla SM, Stiker, Bolsa;activo
22401;Body Cora Verde Cali SM;F;Body Cora;Gafete Verde Cali, Prelavado Polilycra, Prelavado Taller, Talla SM, Stiker, Bolsa;activo
22403;Body Cora Verde Cali XL;F;Body Cora;Gafete Verde Cali, Prelavado Polilycra, Prelavado Taller, Talla LXL, Stiker, Bolsa;activo
29243;Body Cora Verde Lima LXL;F;Body Cora;Gafete Verde Lima, Prelavado Polilycra, Prelavado Taller, Talla LXL, Stiker, Bolsa;activo
29241;Body Cora Verde Lima SM;F;Body Cora;Gafete Verde Lima, Prelavado Polilycra, Prelavado Taller, Talla SM, Stiker, Bolsa;activo
22413;Body Cora Verde Militar LXL;F;Body Cora;Gafete Verde Militar, Prelavado Polilycra, Prelavado Taller, Talla LXL, Stiker, Bolsa;activo
22411;Body Cora Verde Militar SM;F;Body Cora;Gafete Verde Militar, Prelavado Polilycra, Prelavado Taller, Talla SM, Stiker, Bolsa;activo
25663;Body Cora Verde Oliva LXL;F;Body Cora;Gafete Verde Oliva, Prelavado Polilycra, Prelavado Taller, Talla LXL, Stiker, Bolsa;activo
25661;Body Cora Verde Oliva SM;F;Body Cora;Gafete Verde Oliva, Prelavado Polilycra, Prelavado Taller, Talla SM, Stiker, Bolsa;activo
22363;Body Cora Vinotinto LXL;F;Body Cora;Gafete Vinotitno, Prelavado Polilycra, Prelavado Taller, Talla LXL, Stiker, Bolsa;activo
22361;Body Cora Vinotinto SM;F;Body Cora;Gafete Vinotitno, Prelavado Polilycra, Prelavado Taller, Talla SM, Stiker, Bolsa;activo
22183;Body Cuadrado Azul Oscuro LXL;F;Body Cuadrado;Gafete Azul Oscuro, Prelavado Polilycra, Prelavado Taller, Talla LXL, Stiker, Bolsa;activo
22181;Body Cuadrado Azul Oscuro SM;F;Body Cuadrado;Gafete Azul Oscuro, Prelavado Polilycra, Prelavado Taller, Talla SM, Stiker, Bolsa;activo
22173;Body Cuadrado Azul Rey XL;F;Body Cuadrado;Gafete Azul Oscuro, Prelavado Polilycra, Prelavado Taller, Talla SM, Stiker, Bolsa;activo
17473;Body Cuadrado Blanco LXL;F;Body Cuadrado;Gafete Blanco, Prelavado Polilycra, Prelavado Taller, Talla LXL, Stiker, Bolsa;activo
17471;Body Cuadrado Blanco SM;F;Body Cuadrado;Gafete Blanco, Prelavado Polilycra, Prelavado Taller, Talla SM, Stiker, Bolsa;activo
17673;Body Cuadrado Cafe LXL;F;Body Cuadrado;Gafete Cafe, Prelavado Polilycra, Prelavado Taller, Talla LXL, Stiker, Bolsa;activo
17671;Body Cuadrado Cafe SM;F;Body Cuadrado;Gafete Cafe, Prelavado Polilycra, Prelavado Taller, Talla SM, Stiker, Bolsa;activo
26733;Body Cuadrado Camel LXL;F;Body Cuadrado;Gafete Camel, Prelavado Polilycra, Prelavado Taller, Talla LXL, Stiker, Bolsa;activo
26731;Body Cuadrado Camel SM;F;Body Cuadrado;Gafete Camel, Prelavado Polilycra, Prelavado Taller, Talla SM, Stiker, Bolsa;activo
26723;Body Cuadrado Crema LXL;F;Body Cuadrado;Gafete Crema, Prelavado Polilycra, Prelavado Taller, Talla LXL, Stiker, Bolsa;activo
26721;Body Cuadrado Crema SM;F;Body Cuadrado;Gafete Crema, Prelavado Polilycra, Prelavado Taller, Talla SM, Stiker, Bolsa;activo
22151;Body Cuadrado Fucsia SM;F;Body Cuadrado;Gafete Fucsia, Prelavado Polilycra, Prelavado Taller, Talla SM, Stiker, Bolsa;activo
17381;Body Cuadrado Naranja SM;F;Body Cuadrado;Gafete Naranja, Prelavado Polilycra, Prelavado Taller, Talla SM, Stiker, Bolsa;activo
17383;Body Cuadrado Naranja XL;F;Body Cuadrado;Gafete Naranja, Prelavado Polilycra, Prelavado Taller, Talla LXL, Stiker, Bolsa;activo
22143;Body Cuadrado Negro LXL;F;Body Cuadrado;Gafete Negro, Prelavado Polilycra, Prelavado Taller, Talla LXL, Stiker, Bolsa;activo
22141;Body Cuadrado Negro SM;F;Body Cuadrado;Gafete Negro, Prelavado Polilycra, Prelavado Taller, Talla SM, Stiker, Bolsa;activo
17421;Body Cuadrado Purpura SM;F;Body Cuadrado;Gafete Prupura, Prelavado Polilycra, Prelavado Taller, Talla SM, Stiker, Bolsa;activo
29303;Body Cuadrado Rojo LXL;F;Body Cuadrado;Gafete Rojo, Prelavado Polilycra, Prelavado Taller, Talla LXL, Stiker, Bolsa;activo
29161;Body Cuadrado Rojo SM;F;Body Cuadrado;Gafete Rojo, Prelavado Polilycra, Prelavado Taller, Talla SM, Stiker, Bolsa;activo
29171;Body Cuadrado Terracota SM;F;Body Cuadrado;Gafete Terracota, Prelavado Polilycra, Prelavado Taller, Talla SM, Stiker, Bolsa;activo
29173;Body Cuadrado Terracota XL;F;Body Cuadrado;Gafete Terracota, Prelavado Polilycra, Prelavado Taller, Talla LXL, Stiker, Bolsa;activo
26743;Body Cuadrado Verde Militar LXL;F;Body Cuadrado;Gafete Verde Militar, Prelavado Polilycra, Prelavado Taller, Talla LXL, Stiker, Bolsa;activo
26741;Body Cuadrado Verde Militar SM;F;Body Cuadrado;Gafete Verde Militar, Prelavado Polilycra, Prelavado Taller, Talla SM, Stiker, Bolsa;activo
22193;Body Cuadrado Verde Oliva LXL;F;Body Cuadrado;Gafete Verde Oliva, Prelavado Polilycra, Prelavado Taller, Talla LXL, Stiker, Bolsa;activo
22191;Body Cuadrado Verde Oliva SM;F;Body Cuadrado;Gafete Verde Oliva, Prelavado Polilycra, Prelavado Taller, Talla SM, Stiker, Bolsa;activo
29183;Body Cuadrado Vinotinto LXL;F;Body Cuadrado;Gafete Vinotitno, Prelavado Polilycra, Prelavado Taller, Talla LXL, Stiker, Bolsa;activo
29181;Body Cuadrado Vinotinto SM;F;Body Cuadrado;Gafete Vinotitno, Prelavado Polilycra, Prelavado Taller, Talla SM, Stiker, Bolsa;activo
29143;Body Flor Amarillo LXL;F;Body Flor;Gafete Amarillo, Prelavado Polilycra, Prelavado Taller, Talla LXL, Stiker, Bolsa;activo
29141;Body Flor Amarillo SM;F;Body Flor;Gafete Amarillo, Prelavado Polilycra, Prelavado Taller, Talla SM, Stiker, Bolsa;activo
24723;Body Flor Azul Bebe LXL;F;Body Flor;Gafete Azul Bebe, Prelavado Polilycra, Prelavado Taller, Talla LXL, Stiker, Bolsa;activo
24721;Body Flor Azul Bebe SM;F;Body Flor;Gafete Azul Bebe, Prelavado Polilycra, Prelavado Taller, Talla SM, Stiker, Bolsa;activo
23883;Body Flor Azul Oscuro LXL;F;Body Flor;Gafete Azul Oscuro, Prelavado Polilycra, Prelavado Taller, Talla LXL, Stiker, Bolsa;activo
23881;Body Flor Azul Oscuro SM;F;Body Flor;Gafete Azul Oscuro, Prelavado Polilycra, Prelavado Taller, Talla SM, Stiker, Bolsa;activo
22973;Body Flor Blanco LXL;F;Body Flor;Gafete Blanco, Prelavado Polilycra, Prelavado Taller, Talla LXL, Stiker, Bolsa;activo
22971;Body Flor Blanco SM;F;Body Flor;Gafete Blanco, Prelavado Polilycra, Prelavado Taller, Talla SM, Stiker, Bolsa;activo
23863;Body Flor Cafe LXL;F;Body Flor;Gafete Cafe, Prelavado Polilycra, Prelavado Taller, Talla LXL, Stiker, Bolsa;activo
23861;Body Flor Cafe SM;F;Body Flor;Gafete Cafe, Prelavado Polilycra, Prelavado Taller, Talla SM, Stiker, Bolsa;activo
24713;Body Flor Camel LXL;F;Body Flor;Gafete Camel, Prelavado Polilycra, Prelavado Taller, Talla LXL, Stiker, Bolsa;activo
24711;Body Flor Camel SM;F;Body Flor;Gafete Camel, Prelavado Polilycra, Prelavado Taller, Talla SM, Stiker, Bolsa;activo
22993;Body Flor Crema LXL;F;Body Flor;Gafete Crema, Prelavado Polilycra, Prelavado Taller, Talla LXL, Stiker, Bolsa;activo
22991;Body Flor Crema SM;F;Body Flor;Gafete Crema, Prelavado Polilycra, Prelavado Taller, Talla SM, Stiker, Bolsa;activo
24073;Body Flor Durazno LXL;F;Body Flor;Gafete Durazno, Prelavado Polilycra, Prelavado Taller, Talla LXL, Stiker, Bolsa;activo
24071;Body Flor Durazno SM;F;Body Flor;Gafete Durazno, Prelavado Polilycra, Prelavado Taller, Talla SM, Stiker, Bolsa;activo
24743;Body Flor Gris LXL;F;Body Flor;Gafete Gris, Prelavado Polilycra, Prelavado Taller, Talla LXL, Stiker, Bolsa;activo
24741;Body Flor Gris SM;F;Body Flor;Gafete Gris, Prelavado Polilycra, Prelavado Taller, Talla SM, Stiker, Bolsa;activo
23063;Body Flor Lila LXL;F;Body Flor;Gafete Lila, Prelavado Polilycra, Prelavado Taller, Talla LXL, Stiker, Bolsa;activo
23061;Body Flor Lila SM;F;Body Flor;Gafete Lila, Prelavado Polilycra, Prelavado Taller, Talla SM, Stiker, Bolsa;activo
22983;Body Flor Negro LXL;F;Body Flor;Gafete Negro, Prelavado Polilycra, Prelavado Taller, Talla LXL, Stiker, Bolsa;activo
22981;Body Flor Negro SM;F;Body Flor;Gafete Negro, Prelavado Polilycra, Prelavado Taller, Talla SM, Stiker, Bolsa;activo
27003;Body Flor Rojo LXL;F;Body Flor;Gafete Rojo, Prelavado Polilycra, Prelavado Taller, Talla LXL, Stiker, Bolsa;activo
27001;Body Flor Rojo SM;F;Body Flor;Gafete Rojo, Prelavado Polilycra, Prelavado Taller, Talla SM, Stiker, Bolsa;activo
23053;Body Flor Rosado LXL;F;Body Flor;Gafete Rosado, Prelavado Polilycra, Prelavado Taller, Talla SM, Stiker, Bolsa;activo
24083;Body Flor Terracota LXL;F;Body Flor;Gafete Terracota, Prelavado Polilycra, Prelavado Taller, Talla LXL, Stiker, Bolsa;activo
24081;Body Flor Terracota SM;F;Body Flor;Gafete Terracota, Prelavado Polilycra, Prelavado Taller, Talla SM, Stiker, Bolsa;activo
23873;Body Flor Verde Militar LXL;F;Body Flor;Gafete Verde Militar, Prelavado Polilycra, Prelavado Taller, Talla LXL, Stiker, Bolsa;activo
23871;Body Flor Verde Militar SM;F;Body Flor;Gafete Verde Militar, Prelavado Polilycra, Prelavado Taller, Talla SM, Stiker, Bolsa;activo
24063;Body Flor Verde Oliva  LXL;F;Body Flor;Gafete Verde Oliva, Prelavado Polilycra, Prelavado Taller, Talla LXL, Stiker, Bolsa;activo
24061;Body Flor Verde Oliva  SM;F;Body Flor;Gafete Verde Oliva, Prelavado Polilycra, Prelavado Taller, Talla SM, Stiker, Bolsa;activo
27023;Body Flor Vinotinto LXL;F;Body Flor;Gafete Vinotitno, Prelavado Polilycra, Prelavado Taller, Talla LXL, Stiker, Bolsa;activo
27021;Body Flor Vinotinto SM;F;Body Flor;Gafete Vinotitno, Prelavado Polilycra, Prelavado Taller, Talla SM, Stiker, Bolsa;activo
29013;Body Francia Amarillo LXL;F;Body Francia;Gafete Amarillo, Prelavado Polilycra, Prelavado Taller, Talla LXL, Stiker, Bolsa;activo
29011;Body Francia Amarillo SM;F;Body Francia;Gafete Amarillo, Prelavado Polilycra, Prelavado Taller, Talla SM, Stiker, Bolsa;activo
17613;Body Francia Azul Bebe LXL;F;Body Francia;Gafete Azul Bebe, Prelavado Polilycra, Prelavado Taller, Talla LXL, Stiker, Bolsa;activo
17611;Body Francia Azul Bebe SM;F;Body Francia;Gafete Azul Bebe, Prelavado Polilycra, Prelavado Taller, Talla SM, Stiker, Bolsa;activo
17263;Body Francia Azul Oscuro LXL;F;Body Francia;Gafete Azul Oscuro, Prelavado Polilycra, Prelavado Taller, Talla LXL, Stiker, Bolsa;activo
17261;Body Francia Azul Oscuro SM;F;Body Francia;Gafete Azul Oscuro, Prelavado Polilycra, Prelavado Taller, Talla SM, Stiker, Bolsa;activo
17113;Body Francia Blanco LXL;F;Body Francia;Gafete Blanco, Prelavado Polilycra, Prelavado Taller, Talla LXL, Stiker, Bolsa;activo
17111;Body Francia Blanco SM;F;Body Francia;Gafete Blanco, Prelavado Polilycra, Prelavado Taller, Talla SM, Stiker, Bolsa;activo
25753;Body Francia Cafe LXL;F;Body Francia;Gafete Cafe, Prelavado Polilycra, Prelavado Taller, Talla LXL, Stiker, Bolsa;activo
25751;Body Francia Cafe SM;F;Body Francia;Gafete Cafe, Prelavado Polilycra, Prelavado Taller, Talla SM, Stiker, Bolsa;activo
25763;Body Francia Camel LXL;F;Body Francia;Gafete Camel, Prelavado Polilycra, Prelavado Taller, Talla LXL, Stiker, Bolsa;activo
25761;Body Francia Camel SM;F;Body Francia;Gafete Camel, Prelavado Polilycra, Prelavado Taller, Talla SM, Stiker, Bolsa;activo
17223;Body Francia Crema LXL;F;Body Francia;Gafete Crema, Prelavado Polilycra, Prelavado Taller, Talla LXL, Stiker, Bolsa;activo
17221;Body Francia Crema SM;F;Body Francia;Gafete Crema, Prelavado Polilycra, Prelavado Taller, Talla SM, Stiker, Bolsa;activo
24203;Body Francia Durazno LXL;F;Body Francia;Gafete Durazno, Prelavado Polilycra, Prelavado Taller, Talla LXL, Stiker, Bolsa;activo
24201;Body Francia Durazno SM;F;Body Francia;Gafete Durazno, Prelavado Polilycra, Prelavado Taller, Talla SM, Stiker, Bolsa;activo
22673;Body Francia Gris LXL;F;Body Francia;Gafete Gris, Prelavado Polilycra, Prelavado Taller, Talla LXL, Stiker, Bolsa;activo
22671;Body Francia Gris SM;F;Body Francia;Gafete Gris, Prelavado Polilycra, Prelavado Taller, Talla SM, Stiker, Bolsa;activo
17243;Body Francia Lila LXL;F;Body Francia;Gafete Lila, Prelavado Polilycra, Prelavado Taller, Talla LXL, Stiker, Bolsa;activo
17241;Body Francia Lila SM;F;Body Francia;Gafete Lila, Prelavado Polilycra, Prelavado Taller, Talla SM, Stiker, Bolsa;activo
17621;Body Francia Mora Leche SM;F;Body Francia;Gafete Morado, Prelavado Polilycra, Prelavado Taller, Talla SM, Stiker, Bolsa;activo
17271;Body Francia Morado SM;F;Body Francia;Gafete Morado, Prelavado Polilycra, Prelavado Taller, Talla SM, Stiker, Bolsa;activo
17123;Body Francia Negro LXL;F;Body Francia;Gafete Negro, Prelavado Polilycra, Prelavado Taller, Talla LXL, Stiker, Bolsa;activo
17121;Body Francia Negro SM;F;Body Francia;Gafete Negro, Prelavado Polilycra, Prelavado Taller, Talla SM, Stiker, Bolsa;activo
29283;Body Francia Palo Rosa LXL;F;Body Francia;Gafete Palo Rosa, Prelavado Polilycra, Prelavado Taller, Talla LXL, Stiker, Bolsa;activo
29281;Body Francia Palo Rosa SM;F;Body Francia;Gafete Palo Rosa, Prelavado Polilycra, Prelavado Taller, Talla SM, Stiker, Bolsa;activo
17633;Body Francia Rojo LXL;F;Body Francia;Gafete Rojo, Prelavado Polilycra, Prelavado Taller, Talla LXL, Stiker, Bolsa;activo
17631;Body Francia Rojo SM;F;Body Francia;Gafete Rojo, Prelavado Polilycra, Prelavado Taller, Talla SM, Stiker, Bolsa;activo
24183;Body Francia Terracota LXL;F;Body Francia;Gafete Terracota, Prelavado Polilycra, Prelavado Taller, Talla LXL, Stiker, Bolsa;activo
24181;Body Francia Terracota SM;F;Body Francia;Gafete Terracota, Prelavado Polilycra, Prelavado Taller, Talla SM, Stiker, Bolsa;activo
29293;Body Francia Verde Lima LXL;F;Body Francia;Gafete Verde Lima, Prelavado Polilycra, Prelavado Taller, Talla LXL, Stiker, Bolsa;activo
29291;Body Francia Verde Lima SM;F;Body Francia;Gafete Verde Lima, Prelavado Polilycra, Prelavado Taller, Talla SM, Stiker, Bolsa;activo
24193;Body Francia Verde Militar LXL;F;Body Francia;Gafete Verde Militar, Prelavado Polilycra, Prelavado Taller, Talla LXL, Stiker, Bolsa;activo
24191;Body Francia Verde Militar SM;F;Body Francia;Gafete Verde Militar, Prelavado Polilycra, Prelavado Taller, Talla SM, Stiker, Bolsa;activo
22723;Body Francia Verde Oliva LXL;F;Body Francia;Gafete Verde Oliva, Prelavado Polilycra, Prelavado Taller, Talla LXL, Stiker, Bolsa;activo
22721;Body Francia Verde Oliva SM;F;Body Francia;Gafete Verde Oliva, Prelavado Polilycra, Prelavado Taller, Talla SM, Stiker, Bolsa;activo
27453;Body Francia Vinotinto LXL;F;Body Francia;Gafete Vinotitno, Prelavado Polilycra, Prelavado Taller, Talla LXL, Stiker, Bolsa;activo
27451;Body Francia Vinotinto SM;F;Body Francia;Gafete Vinotitno, Prelavado Polilycra, Prelavado Taller, Talla SM, Stiker, Bolsa;activo
24503;Body Gema Azul Bebe LXL;F;Body Gema ;Gafete Azul Bebe, Prelavado Polilycra, Prelavado Taller, Talla LXL, Stiker, Bolsa;activo
24501;Body Gema Azul Bebe SM;F;Body Gema ;Gafete Azul Bebe, Prelavado Polilycra, Prelavado Taller, Talla SM, Stiker, Bolsa;activo
23233;Body Gema Azul Oscuro LXL;F;Body Gema ;Gafete Azul Oscuro, Prelavado Polilycra, Prelavado Taller, Talla LXL, Stiker, Bolsa;activo
23231;Body Gema Azul Oscuro SM;F;Body Gema ;Gafete Azul Oscuro, Prelavado Polilycra, Prelavado Taller, Talla SM, Stiker, Bolsa;activo
24533;Body Gema Blanco LXL;F;Body Gema ;Gafete Blanco, Prelavado Polilycra, Prelavado Taller, Talla LXL, Stiker, Bolsa;activo
24531;Body Gema Blanco SM;F;Body Gema ;Gafete Blanco, Prelavado Polilycra, Prelavado Taller, Talla SM, Stiker, Bolsa;activo
23853;Body Gema Cafe LXL;F;Body Gema ;Gafete Cafe, Prelavado Polilycra, Prelavado Taller, Talla LXL, Stiker, Bolsa;activo
23851;Body Gema Cafe SM;F;Body Gema ;Gafete Cafe, Prelavado Polilycra, Prelavado Taller, Talla SM, Stiker, Bolsa;activo
25533;Body Gema Camel LXL;F;Body Gema ;Gafete Camel, Prelavado Polilycra, Prelavado Taller, Talla LXL, Stiker, Bolsa;activo
25531;Body Gema Camel SM;F;Body Gema ;Gafete Camel, Prelavado Polilycra, Prelavado Taller, Talla SM, Stiker, Bolsa;activo
23023;Body Gema Crema LXL;F;Body Gema ;Gafete Crema, Prelavado Polilycra, Prelavado Taller, Talla LXL, Stiker, Bolsa;activo
23021;Body Gema Crema SM;F;Body Gema ;Gafete Crema, Prelavado Polilycra, Prelavado Taller, Talla SM, Stiker, Bolsa;activo
27703;Body Gema Durazno LXL;F;Body Gema ;Gafete Durazno, Prelavado Polilycra, Prelavado Taller, Talla LXL, Stiker, Bolsa;activo
27701;Body Gema Durazno SM;F;Body Gema ;Gafete Durazno, Prelavado Polilycra, Prelavado Taller, Talla SM, Stiker, Bolsa;activo
27713;Body Gema Gris LXL;F;Body Gema ;Gafete Gris, Prelavado Polilycra, Prelavado Taller, Talla LXL, Stiker, Bolsa;activo
27711;Body Gema Gris SM;F;Body Gema ;Gafete Gris, Prelavado Polilycra, Prelavado Taller, Talla SM, Stiker, Bolsa;activo
28123;Body Gema Lila LXL;F;Body Gema ;Gafete Lila, Prelavado Polilycra, Prelavado Taller, Talla LXL, Stiker, Bolsa;activo
28121;Body Gema Lila SM;F;Body Gema ;Gafete Lila, Prelavado Polilycra, Prelavado Taller, Talla SM, Stiker, Bolsa;activo
23003;Body Gema Negro LXL;F;Body Gema ;Gafete Negro, Prelavado Polilycra, Prelavado Taller, Talla LXL, Stiker, Bolsa;activo
23001;Body Gema Negro SM;F;Body Gema ;Gafete Negro, Prelavado Polilycra, Prelavado Taller, Talla SM, Stiker, Bolsa;activo
26943;Body Gema Rojo LXL;F;Body Gema ;Gafete Rojo, Prelavado Polilycra, Prelavado Taller, Talla LXL, Stiker, Bolsa;activo
26941;Body Gema Rojo SM;F;Body Gema ;Gafete Rojo, Prelavado Polilycra, Prelavado Taller, Talla SM, Stiker, Bolsa;activo
24493;Body Gema Terracota LXL;F;Body Gema ;Gafete Terracota, Prelavado Polilycra, Prelavado Taller, Talla LXL, Stiker, Bolsa;activo
24491;Body Gema Terracota SM;F;Body Gema ;Gafete Terracota, Prelavado Polilycra, Prelavado Taller, Talla SM, Stiker, Bolsa;activo
23803;Body Gema Verde Militar LXL;F;Body Gema ;Gafete Verde Militar, Prelavado Polilycra, Prelavado Taller, Talla LXL, Stiker, Bolsa;activo
23801;Body Gema Verde Militar SM;F;Body Gema ;Gafete Verde Militar, Prelavado Polilycra, Prelavado Taller, Talla SM, Stiker, Bolsa;activo
25543;Body Gema Verde Oliva LXL;F;Body Gema ;Gafete Verde Oliva, Prelavado Polilycra, Prelavado Taller, Talla LXL, Stiker, Bolsa;activo
25541;Body Gema Verde Oliva SM;F;Body Gema ;Gafete Verde Oliva, Prelavado Polilycra, Prelavado Taller, Talla SM, Stiker, Bolsa;activo
26853;Body Gema Vinotinto LXL;F;Body Gema ;Gafete Vinotitno, Prelavado Polilycra, Prelavado Taller, Talla LXL, Stiker, Bolsa;activo
26851;Body Gema Vinotinto SM;F;Body Gema ;Gafete Vinotitno, Prelavado Polilycra, Prelavado Taller, Talla SM, Stiker, Bolsa;activo
28313;Body Jessie Azul Bebe LXL;F;Body Jessie;Gafete Azul Bebe, Prelavado Polilycra, Prelavado Taller, Talla LXL, Stiker, Bolsa;activo
28311;Body Jessie Azul Bebe SM;F;Body Jessie;Gafete Azul Bebe, Prelavado Polilycra, Prelavado Taller, Talla SM, Stiker, Bolsa;activo
28303;Body Jessie Azul Oscuro LXL;F;Body Jessie;Gafete Azul Oscuro, Prelavado Polilycra, Prelavado Taller, Talla LXL, Stiker, Bolsa;activo
28301;Body Jessie Azul Oscuro SM;F;Body Jessie;Gafete Azul Oscuro, Prelavado Polilycra, Prelavado Taller, Talla SM, Stiker, Bolsa;activo
28273;Body Jessie Blanco LXL;F;Body Jessie;Gafete Blanco, Prelavado Polilycra, Prelavado Taller, Talla LXL, Stiker, Bolsa;activo
28271;Body Jessie Blanco SM;F;Body Jessie;Gafete Blanco, Prelavado Polilycra, Prelavado Taller, Talla SM, Stiker, Bolsa;activo
28343;Body Jessie Café LXL;F;Body Jessie;Gafete Cafe, Prelavado Polilycra, Prelavado Taller, Talla LXL, Stiker, Bolsa;activo
28341;Body Jessie Café SM;F;Body Jessie;Gafete Cafe, Prelavado Polilycra, Prelavado Taller, Talla SM, Stiker, Bolsa;activo
28683;Body Jessie Camel LXL;F;Body Jessie;Gafete Camel, Prelavado Polilycra, Prelavado Taller, Talla LXL, Stiker, Bolsa;activo
28681;Body Jessie Camel SM;F;Body Jessie;Gafete Camel, Prelavado Polilycra, Prelavado Taller, Talla SM, Stiker, Bolsa;activo
28263;Body Jessie Crema LXL;F;Body Jessie;Gafete Crema, Prelavado Polilycra, Prelavado Taller, Talla LXL, Stiker, Bolsa;activo
28261;Body Jessie Crema SM;F;Body Jessie;Gafete Crema, Prelavado Polilycra, Prelavado Taller, Talla SM, Stiker, Bolsa;activo
28841;Body Jessie Durazno SM;F;Body Jessie;Gafete Durazno, Prelavado Polilycra, Prelavado Taller, Talla SM, Stiker, Bolsa;activo
28353;Body Jessie Gris LXL;F;Body Jessie;Gafete Gris, Prelavado Polilycra, Prelavado Taller, Talla LXL, Stiker, Bolsa;activo
28351;Body Jessie Gris SM;F;Body Jessie;Gafete Gris, Prelavado Polilycra, Prelavado Taller, Talla SM, Stiker, Bolsa;activo
28693;Body Jessie Lila LXL;F;Body Jessie;Gafete Lila, Prelavado Polilycra, Prelavado Taller, Talla LXL, Stiker, Bolsa;activo
28691;Body Jessie Lila SM;F;Body Jessie;Gafete Lila, Prelavado Polilycra, Prelavado Taller, Talla SM, Stiker, Bolsa;activo
28253;Body Jessie Negro LXL;F;Body Jessie;Gafete Negro, Prelavado Polilycra, Prelavado Taller, Talla LXL, Stiker, Bolsa;activo
28251;Body Jessie Negro SM;F;Body Jessie;Gafete Negro, Prelavado Polilycra, Prelavado Taller, Talla SM, Stiker, Bolsa;activo
28283;Body Jessie Rojo LXL;F;Body Jessie;Gafete Rojo, Prelavado Polilycra, Prelavado Taller, Talla LXL, Stiker, Bolsa;activo
28281;Body Jessie Rojo SM;F;Body Jessie;Gafete Rojo, Prelavado Polilycra, Prelavado Taller, Talla SM, Stiker, Bolsa;activo
28293;Body Jessie Terracota LXL;F;Body Jessie;Gafete Terracota, Prelavado Polilycra, Prelavado Taller, Talla LXL, Stiker, Bolsa;activo
28291;Body Jessie Terracota SM;F;Body Jessie;Gafete Terracota, Prelavado Polilycra, Prelavado Taller, Talla SM, Stiker, Bolsa;activo
28323;Body Jessie Verde Militar LXL;F;Body Jessie;Gafete Verde Militar, Prelavado Polilycra, Prelavado Taller, Talla LXL, Stiker, Bolsa;activo
28321;Body Jessie Verde Militar SM;F;Body Jessie;Gafete Verde Militar, Prelavado Polilycra, Prelavado Taller, Talla SM, Stiker, Bolsa;activo
28333;Body Jessie Verde Oliva LXL;F;Body Jessie;Gafete Verde Oliva, Prelavado Polilycra, Prelavado Taller, Talla LXL, Stiker, Bolsa;activo
28331;Body Jessie Verde Oliva SM;F;Body Jessie;Gafete Verde Oliva, Prelavado Polilycra, Prelavado Taller, Talla SM, Stiker, Bolsa;activo
28703;Body Jessie Vinotinto LXL;F;Body Jessie;Gafete Vinotitno, Prelavado Polilycra, Prelavado Taller, Talla LXL, Stiker, Bolsa;activo
28701;Body Jessie Vinotinto SM;F;Body Jessie;Gafete Vinotitno, Prelavado Polilycra, Prelavado Taller, Talla SM, Stiker, Bolsa;activo
28953;Body Lilo Amarillo LXL;F;Body Lilo;Gafete Amarillo, Prelavado Polilycra, Prelavado Taller, Talla LXL, Stiker, Bolsa;activo
28951;Body Lilo Amarillo SM;F;Body Lilo;Gafete Amarillo, Prelavado Polilycra, Prelavado Taller, Talla SM, Stiker, Bolsa;activo
27503;Body Lilo Durazno LXL;F;Body Lilo;Gafete Durazno, Prelavado Polilycra, Prelavado Taller, Talla LXL, Stiker, Bolsa;activo
27501;Body Lilo Durazno SM;F;Body Lilo;Gafete Durazno, Prelavado Polilycra, Prelavado Taller, Talla SM, Stiker, Bolsa;activo
27413;Body Lilo Azul Bebe LXL;F;Body Lilo;Gafete Bebe, Prelavado Polilycra, Prelavado Taller, Talla LXL, Stiker, Bolsa;activo
27411;Body Lilo Azul Bebe SM;F;Body Lilo;Gafete Bebe, Prelavado Polilycra, Prelavado Taller, Talla SM, Stiker, Bolsa;activo
27403;Body Lilo Camel LXL;F;Body Lilo;Gafete Camel, Prelavado Polilycra, Prelavado Taller, Talla LXL, Stiker, Bolsa;activo
27401;Body Lilo Camel SM;F;Body Lilo;Gafete Camel, Prelavado Polilycra, Prelavado Taller, Talla SM, Stiker, Bolsa;activo
27393;Body Lilo Vinotinto LXL;F;Body Lilo;Gafete Vinotinto, Prelavado Polilycra, Prelavado Taller, Talla LXL, Stiker, Bolsa;activo
27391;Body Lilo Vinotinto SM;F;Body Lilo;Gafete Vinotinto, Prelavado Polilycra, Prelavado Taller, Talla SM, Stiker, Bolsa;activo
27383;Body Lilo Camel LXL;F;Body Lilo;Gafete Cafe, Prelavado Polilycra, Prelavado Taller, Talla LXL, Stiker, Bolsa;activo
27381;Body Lilo Camel SM;F;Body Lilo;Gafete Cafe, Prelavado Polilycra, Prelavado Taller, Talla SM, Stiker, Bolsa;activo
27373;Body Lilo Verde Oliva LX;F;Body Lilo;Gafete Verde Lima, Prelavado Polilycra, Prelavado Taller, Talla LXL, Stiker, Bolsa;activo
27371;Body Lilo Verde Oliva SM;F;Body Lilo;Gafete Verde Lima, Prelavado Polilycra, Prelavado Taller, Talla SM, Stiker, Bolsa;activo
26871;Body Luna Verde Militar SM;F;Body Luna;Gafete Verde Militar, Prelavado Polilycra, Prelavado Taller, Talla SM, Stiker, Bolsa;activo
26713;Body Luna Crema LXL;F;Body Luna;Gafete Crema, Prelavado Polilycra, Prelavado Taller, Talla LXL, Stiker, Bolsa;activo
26711;Body Luna Crema SM;F;Body Luna;Gafete Crema, Prelavado Polilycra, Prelavado Taller, Talla SM, Stiker, Bolsa;activo
22053;Body Luna Amarillo Pastel LXL;F;Body Luna;Gafete Amarillo, Prelavado Polilycra, Prelavado Taller, Talla LXL, Stiker, Bolsa;activo
22051;Body Luna Amarillo Pastel SM;F;Body Luna;Gafete Amarillo, Prelavado Polilycra, Prelavado Taller, Talla SM, Stiker, Bolsa;activo
22041;Body Luna Terracota SM;F;Body Luna;Gafete Vinotinto, Prelavado Polilycra, Prelavado Taller, Talla SM, Stiker, Bolsa;activo
22033;Body Luna Cafe LXL;F;Body Luna;Gafete Cafe, Prelavado Polilycra, Prelavado Taller, Talla LXL, Stiker, Bolsa;activo
22031;Body Luna Cafe SM;F;Body Luna;Gafete Cafe, Prelavado Polilycra, Prelavado Taller, Talla SM, Stiker, Bolsa;activo
22023;Body Luna Verde Oliva LXL;F;Body Luna;Gafete Verde Lima, Prelavado Polilycra, Prelavado Taller, Talla LXL, Stiker, Bolsa;activo
22021;Body Luna Verde Oliva SM;F;Body Luna;Gafete Verde Lima, Prelavado Polilycra, Prelavado Taller, Talla SM, Stiker, Bolsa;activo
22011;Body Luna Azul Rey SM;F;Body Luna;Gafete Azul Rey Prelavado Polilycra, Prelavado Taller, Talla SM, Stiker, Bolsa;activo
22003;Body Luna Rojo LXL;F;Body Luna;Gafete Verde Rojo, Prelavado Polilycra, Prelavado Taller, Talla LXL, Stiker, Bolsa;activo
22001;Body Luna Rojo SM;F;Body Luna;Gafete Verde Rojo, Prelavado Polilycra, Prelavado Taller, Talla SM, Stiker, Bolsa;activo
21993;Body Luna Naranja XL;F;Body Luna;Gafete Naranja Prelavado Polilycra, Prelavado Taller, Talla LXL, Stiker, Bolsa;activo
21991;Body Luna Naranja SM;F;Body Luna;Gafete Naranja Prelavado Polilycra, Prelavado Taller, Talla SM, Stiker, Bolsa;activo
18393;Body Luna Negro LXL;F;Body Luna;Gafete Negro, Prelavado Polilycra, Prelavado Taller, Talla LXL, Stiker, Bolsa;activo
18391;Body Luna Negro SM;F;Body Luna;Gafete Negro, Prelavado Polilycra, Prelavado Taller, Talla SM, Stiker, Bolsa;activo
18383;Body Luna Purpura L;F;Body Luna;Gafete Purpura Prelavado Polilycra, Prelavado Taller, Talla LXL, Stiker, Bolsa;activo
18381;Body Luna Purpura S;F;Body Luna;Gafete Purpura Prelavado Polilycra, Prelavado Taller, Talla SM, Stiker, Bolsa;activo
18373;Body Luna Azul Oscuro LXL;F;Body Luna;Gafete Azul Oscuro, Prelavado Polilycra, Prelavado Taller, Talla LXL, Stiker, Bolsa;activo
18371;Body Luna Azul Oscuro SM;F;Body Luna;Gafete Azul Oscuro, Prelavado Polilycra, Prelavado Taller, Talla SM, Stiker, Bolsa;activo
18343;Body Luna Camel LXL;F;Body Luna;Gafete Camel, Prelavado Polilycra, Prelavado Taller, Talla LXL, Stiker, Bolsa;activo
18341;Body Luna Camel SM;F;Body Luna;Gafete Camel, Prelavado Polilycra, Prelavado Taller, Talla SM, Stiker, Bolsa;activo
18323;Body Luna Blanco LXL;F;Body Luna;Gafete Blanco, Prelavado Polilycra, Prelavado Taller, Talla LXL, Stiker, Bolsa;activo
18321;Body Luna Blanco SM;F;Body Luna;Gafete Blanco, Prelavado Polilycra, Prelavado Taller, Talla SM, Stiker, Bolsa;activo
18303;Body Luna Fucsia LXL;F;Body Luna;Gafete Fucsia, Prelavado Polilycra, Prelavado Taller, Talla LXL, Stiker, Bolsa;activo
18301;Body Luna Fucsia SM;F;Body Luna;Gafete Fucsia, Prelavado Polilycra, Prelavado Taller, Talla SM, Stiker, Bolsa;activo
29623;Body Luz Verde Lima LXL;F;Body Luz;Gafete Verde Lima, Prelavado Polilycra, Prelavado Taller, Talla LXL, Stiker, Bolsa;activo
29621;Body Luz Verde Lima SM;F;Body Luz;Gafete Verde Lima, Prelavado Polilycra, Prelavado Taller, Talla SM, Stiker, Bolsa;activo
29613;Body Luz Palo Rosa LXL;F;Body Luz;Gafete Palo Rosa, Prelavado Polilycra, Prelavado Taller, Talla LXL, Stiker, Bolsa;activo
29611;Body Luz Palo Rosa SM;F;Body Luz;Gafete Palo Rosa, Prelavado Polilycra, Prelavado Taller, Talla SM, Stiker, Bolsa;activo
28781;Body Luz Durazno SM;F;Body Luz;Gafete Durazno, Prelavado Polilycra, Prelavado Taller, Talla SM, Stiker, Bolsa;activo
28771;Body Luz Gris SM;F;Body Luz;Gafete Gris, Prelavado Polilycra, Prelavado Taller, Talla SM, Stiker, Bolsa;activo
27433;Body Luz Vinotinto LXL;F;Body Luz;Gafete Vinotinto, Prelavado Polilycra, Prelavado Taller, Talla LXL, Stiker, Bolsa;activo
27431;Body Luz Vinotinto SM;F;Body Luz;Gafete Vinotinto, Prelavado Polilycra, Prelavado Taller, Talla SM, Stiker, Bolsa;activo
27163;Body Luz Terracota LXL;F;Body Luz;Gafete Terracota Prelavado Polilycra, Prelavado Taller, Talla LXL, Stiker, Bolsa;activo
27161;Body Luz Terracota SM;F;Body Luz;Gafete Vinotinto, Prelavado Polilycra, Prelavado Taller, Talla SM, Stiker, Bolsa;activo
25983;Body Luz Verde Oliva LXL;F;Body Luz;Gafete Verde Lima, Prelavado Polilycra, Prelavado Taller, Talla LXL, Stiker, Bolsa;activo
23503;Body Luz Blanco LXL;F;Body Luz;Gafete Blanco, Prelavado Polilycra, Prelavado Taller, Talla LXL, Stiker, Bolsa;activo
25981;Body Luz Verde Oliva Sm;F;Body Luz;Gafete Verde Lima, Prelavado Polilycra, Prelavado Taller, Talla SM, Stiker, Bolsa;activo
23501;Body Luz Blanco SM;F;Body Luz;Gafete Blanco, Prelavado Polilycra, Prelavado Taller, Talla SM, Stiker, Bolsa;activo
25471;Body Luz Azul Oscuro SM;F;Body Luz;Gafete Azul Oscuro, Prelavado Polilycra, Prelavado Taller, Talla SM, Stiker, Bolsa;activo
25463;Body Luz Camel LXL;F;Body Luz;Gafete Camel, Prelavado Polilycra, Prelavado Taller, Talla LXL, Stiker, Bolsa;activo
25461;Body Luz Camel SM;F;Body Luz;Gafete Camel, Prelavado Polilycra, Prelavado Taller, Talla SM, Stiker, Bolsa;activo
24253;Body Luz Azul Bebe LXL;F;Body Luz;Gafete Bebe, Prelavado Polilycra, Prelavado Taller, Talla LXL, Stiker, Bolsa;activo
24251;Body Luz Azul Bebe SM;F;Body Luz;Gafete Bebe, Prelavado Polilycra, Prelavado Taller, Talla SM, Stiker, Bolsa;activo
23523;Body Luz Camel LXL;F;Body Luz;Gafete Cafe, Prelavado Polilycra, Prelavado Taller, Talla LXL, Stiker, Bolsa;activo
23521;Body Luz Camel SM;F;Body Luz;Gafete Cafe, Prelavado Polilycra, Prelavado Taller, Talla SM, Stiker, Bolsa;activo
23513;Body Luz Verde Militar LXL;F;Body Luz;Gafete Verde Militar, Prelavado Polilycra, Prelavado Taller, Talla LXL, Stiker, Bolsa;activo
23511;Body Luz Verde Militar SM;F;Body Luz;Gafete Verde Militar, Prelavado Polilycra, Prelavado Taller, Talla SM, Stiker, Bolsa;activo
23493;Body Luz Crema LXL;F;Body Luz;Gafete Crema, Prelavado Polilycra, Prelavado Taller, Talla LXL, Stiker, Bolsa;activo
23491;Body Luz Crema SM;F;Body Luz;Gafete Crema, Prelavado Polilycra, Prelavado Taller, Talla SM, Stiker, Bolsa;activo
23483;Body Luz Rojo LXL;F;Body Luz;Gafete Verde Rojo, Prelavado Polilycra, Prelavado Taller, Talla LXL, Stiker, Bolsa;activo
23481;Body Luz Rojo SM;F;Body Luz;Gafete Verde Rojo, Prelavado Polilycra, Prelavado Taller, Talla SM, Stiker, Bolsa;activo
29273;Body Mango Amarillo LXL;F;Body Mango;Gafete Amarillo, Prelavado Polilycra, Prelavado Taller, Talla LXL, Stiker, Bolsa;activo
29271;Body Mango Amarillo SM;F;Body Mango;Gafete Amarillo, Prelavado Polilycra, Prelavado Taller, Talla SM, Stiker, Bolsa;activo
29263;Body Mango Verde Limon LXL;F;Body Mango;Gafete Verde Lima, Prelavado Polilycra, Prelavado Taller, Talla LXL, Stiker, Bolsa;activo
29261;Body Mango Verde Limon SM;F;Body Mango;Gafete Verde Lima, Prelavado Polilycra, Prelavado Taller, Talla SM, Stiker, Bolsa;activo
29253;Body Mango Palo Rosa LXL;F;Body Mango;Gafete Palo Rosa, Prelavado Polilycra, Prelavado Taller, Talla LXL, Stiker, Bolsa;activo
29251;Body Mango Palo Rosa SM;F;Body Mango;Gafete Palo Rosa, Prelavado Polilycra, Prelavado Taller, Talla SM, Stiker, Bolsa;activo
27903;Body Mango Gris LXL;F;Body Mango;Gafete Gris, Prelavado Polilycra, Prelavado Taller, Talla LXL, Stiker, Bolsa;activo
27901;Body Mango Gris SM;F;Body Mango;Gafete Gris, Prelavado Polilycra, Prelavado Taller, Talla SM, Stiker, Bolsa;activo
27483;Body Mango Vinotinto LXl;F;Body Mango;Gafete Vinotinto, Prelavado Polilycra, Prelavado Taller, Talla LXL, Stiker, Bolsa;activo
27481;Body Mango Vinotinto SM;F;Body Mango;Gafete Vinotinto, Prelavado Polilycra, Prelavado Taller, Talla SM, Stiker, Bolsa;activo
27473;Body Mango Rojo LXL;F;Body Mango;Gafete Verde Rojo, Prelavado Polilycra, Prelavado Taller, Talla LXL, Stiker, Bolsa;activo
27471;Body Mango Rojo SM;F;Body Mango;Gafete Verde Rojo, Prelavado Polilycra, Prelavado Taller, Talla SM, Stiker, Bolsa;activo
27213;Body Mango Camel LXL;F;Body Mango;Gafete Camel, Prelavado Polilycra, Prelavado Taller, Talla LXL, Stiker, Bolsa;activo
27211;Body Mango Camel SM;F;Body Mango;Gafete Camel, Prelavado Polilycra, Prelavado Taller, Talla SM, Stiker, Bolsa;activo
27203;Body Mango Cafe LXL;F;Body Mango;Gafete Cafe, Prelavado Polilycra, Prelavado Taller, Talla LXL, Stiker, Bolsa;activo
27201;Body Mango Cafe SM;F;Body Mango;Gafete Cafe, Prelavado Polilycra, Prelavado Taller, Talla SM, Stiker, Bolsa;activo
27193;Body Mango Verde Oliva LXL;F;Body Mango;Gafete Verde Lima, Prelavado Polilycra, Prelavado Taller, Talla LXL, Stiker, Bolsa;activo
27191;Body Mango Verde Oliva SM;F;Body Mango;Gafete Verde Lima, Prelavado Polilycra, Prelavado Taller, Talla SM, Stiker, Bolsa;activo
27183;Body Mango Terracota LXL;F;Body Mango;Gafete Terracota Prelavado Polilycra, Prelavado Taller, Talla LXL, Stiker, Bolsa;activo
27181;Body Mango Terracota SM;F;Body Mango;Gafete Vinotinto, Prelavado Polilycra, Prelavado Taller, Talla SM, Stiker, Bolsa;activo
24643;Body Mango Aguamarina LXL;F;Body Mango;Gafete Amarillo, Prelavado Polilycra, Prelavado Taller, Talla LXL, Stiker, Bolsa;activo
24641;Body Mango Aguamarina SM;F;Body Mango;Gafete Amarillo, Prelavado Polilycra, Prelavado Taller, Talla SM, Stiker, Bolsa;activo
24633;Body Mango Azul Bebe LXL;F;Body Mango;Gafete Bebe, Prelavado Polilycra, Prelavado Taller, Talla LXL, Stiker, Bolsa;activo
24631;Body Mango Azul Bebe SM;F;Body Mango;Gafete Bebe, Prelavado Polilycra, Prelavado Taller, Talla SM, Stiker, Bolsa;activo
24623;Body Mango Lila LXL;F;Body Mango;Gafete Lila, Prelavado Polilycra, Prelavado Taller, Talla LXL, Stiker, Bolsa;activo
24621;Body Mango Lila SM;F;Body Mango;Gafete Lila, Prelavado Polilycra, Prelavado Taller, Talla  SM, Stiker, Bolsa;activo
24613;Body Mango Durazno LXL;F;Body Mango;Gafete Durazno, Prelavado Polilycra, Prelavado Taller, Talla LXL, Stiker, Bolsa;activo
24611;Body Mango Durazno SM;F;Body Mango;Gafete Durazno, Prelavado Polilycra, Prelavado Taller, Talla SM, Stiker, Bolsa;activo
24603;Body Mango Crema LXL;F;Body Mango;Gafete Crema, Prelavado Polilycra, Prelavado Taller, Talla LXL, Stiker, Bolsa;activo
24601;Body Mango Crema SM;F;Body Mango;Gafete Crema, Prelavado Polilycra, Prelavado Taller, Talla SM, Stiker, Bolsa;activo
17753;Body Mango Verde Militar LXL;F;Body Mango;Gafete Verde Militar, Prelavado Polilycra, Prelavado Taller, Talla LXL, Stiker, Bolsa;activo
17751;Body Mango Verde Militar SM;F;Body Mango;Gafete Verde Militar, Prelavado Polilycra, Prelavado Taller, Talla SM, Stiker, Bolsa;activo
17743;Body Mango Azul Oscuro LXL;F;Body Mango;Gafete Azul Oscuro, Prelavado Polilycra, Prelavado Taller, Talla LXL, Stiker, Bolsa;activo
17741;Body Mango Azul Oscuro SM;F;Body Mango;Gafete Azul Oscuro, Prelavado Polilycra, Prelavado Taller, Talla SM, Stiker, Bolsa;activo
17703;Body Mango Blanco LXL;F;Body Mango;Gafete Blanco, Prelavado Polilycra, Prelavado Taller, Talla LXL, Stiker, Bolsa;activo
17701;Body Mango Blanco SM;F;Body Mango;Gafete Blanco, Prelavado Polilycra, Prelavado Taller, Talla SM, Stiker, Bolsa;activo
17683;Body Mango Negro LXL;F;Body Mango;Gafete Negro, Prelavado Polilycra, Prelavado Taller, Talla LXL, Stiker, Bolsa;activo
17681;Body Mango Negro SM;F;Body Mango;Gafete Negro, Prelavado Polilycra, Prelavado Taller, Talla SM, Stiker, Bolsa;activo
29853;Body Margarita Palo Rosa LXL;F;Body Margarita;Gafete Palo Rosa, Prelavado Polilycra, Prelavado Taller, Talla LXL, Stiker, Bolsa;activo
29851;Body Margarita Palo Rosa SM;F;Body Margarita;Gafete Palo Rosa, Prelavado Polilycra, Prelavado Taller, Talla SM, Stiker, Bolsa;activo
29843;Body Margarita Verde Lima LXL;F;Body Margarita;Gafete Verde Lima, Prelavado Polilycra, Prelavado Taller, Talla LXL, Stiker, Bolsa;activo
29841;Body Margarita Verde Lima SM;F;Body Margarita;Gafete Verde Lima, Prelavado Polilycra, Prelavado Taller, Talla SM, Stiker, Bolsa;activo
29833;Body Margarita Verde Militar LXL;F;Body Margarita;Gafete Verde Militar, Prelavado Polilycra, Prelavado Taller, Talla LXL, Stiker, Bolsa;activo
29831;Body Margarita Verde Militar SM;F;Body Margarita;Gafete Verde Militar, Prelavado Polilycra, Prelavado Taller, Talla SM, Stiker, Bolsa;activo
29403;Body Margarita Camel LXL;F;Body Margarita;Gafete Camel, Prelavado Polilycra, Prelavado Taller, Talla LXL, Stiker, Bolsa;activo
29401;Body Margarita Camel SM;F;Body Margarita;Gafete Camel, Prelavado Polilycra, Prelavado Taller, Talla SM, Stiker, Bolsa;activo
29393;Body Margarita Amarillo LXL;F;Body Margarita;Gafete Amarillo, Prelavado Polilycra, Prelavado Taller, Talla LXL, Stiker, Bolsa;activo
29391;Body Margarita Amarillo SM;F;Body Margarita;Gafete Amarillo, Prelavado Polilycra, Prelavado Taller, Talla SM, Stiker, Bolsa;activo
29383;Body Margarita Camel LXL;F;Body Margarita;Gafete Cafe, Prelavado Polilycra, Prelavado Taller, Talla LXL, Stiker, Bolsa;activo
29381;Body Margarita Camel SM;F;Body Margarita;Gafete Cafe, Prelavado Polilycra, Prelavado Taller, Talla SM, Stiker, Bolsa;activo
29373;Body Margarita Verde Oliva LXL;F;Body Margarita;Gafete Verde Lima, Prelavado Polilycra, Prelavado Taller, Talla LXL, Stiker, Bolsa;activo
29371;Body Margarita Verde Oliva SM;F;Body Margarita;Gafete Verde Lima, Prelavado Polilycra, Prelavado Taller, Talla SM, Stiker, Bolsa;activo
29363;Body Margarita Azul Oscuro LXL;F;Body Margarita;Gafete Azul Oscuro, Prelavado Polilycra, Prelavado Taller, Talla LXL, Stiker, Bolsa;activo
29361;Body Margarita Azul Oscuro SM;F;Body Margarita;Gafete Azul Oscuro, Prelavado Polilycra, Prelavado Taller, Talla SM, Stiker, Bolsa;activo
29353;Body Margarita Vinotinto LXL;F;Body Margarita;Gafete Vinotinto, Prelavado Polilycra, Prelavado Taller, Talla LXL, Stiker, Bolsa;activo
29351;Body Margarita Vinotinto SM;F;Body Margarita;Gafete Vinotinto, Prelavado Polilycra, Prelavado Taller, Talla SM, Stiker, Bolsa;activo
29343;Body Margarita Terracota LXL;F;Body Margarita;Gafete Terracota Prelavado Polilycra, Prelavado Taller, Talla LXL, Stiker, Bolsa;activo
29341;Body Margarita Terracota SM;F;Body Margarita;Gafete Vinotinto, Prelavado Polilycra, Prelavado Taller, Talla SM, Stiker, Bolsa;activo
29333;Body Margarita Blanco LXL;F;Body Margarita;Gafete Blanco, Prelavado Polilycra, Prelavado Taller, Talla LXL, Stiker, Bolsa;activo
29331;Body Margarita Blanco SM;F;Body Margarita;Gafete Blanco, Prelavado Polilycra, Prelavado Taller, Talla SM, Stiker, Bolsa;activo
29323;Body Margarita Crema LXL;F;Body Margarita;Gafete Crema, Prelavado Polilycra, Prelavado Taller, Talla LXL, Stiker, Bolsa;activo
29321;Body Margarita Crema SM;F;Body Margarita;Gafete Crema, Prelavado Polilycra, Prelavado Taller, Talla SM, Stiker, Bolsa;activo
29313;Body Margarita Negro LXL;F;Body Margarita;Gafete Negro, Prelavado Polilycra, Prelavado Taller, Talla LXL, Stiker, Bolsa;activo
29311;Body Margarita Negro SM;F;Body Margarita;Gafete Negro, Prelavado Polilycra, Prelavado Taller, Talla SM, Stiker, Bolsa;activo
29393;Body Margarita Amarillo LXL;F;Body Margarita;Gafete Amarillo, Prelavado Polilycra, Prelavado Taller, Talla LXL, Stiker, Bolsa;activo
29391;Body Margarita Amarillo SM;F;Body Margarita;Gafete Amarillo, Prelavado Polilycra, Prelavado Taller, Talla SM, Stiker, Bolsa;activo
29363;Body Margarita Azul Oscuro LXL;F;Body Margarita;Gafete Azul Oscuro, Prelavado Polilycra, Prelavado Taller, Talla LXL, Stiker, Bolsa;activo
29361;Body Margarita Azul Oscuro SM;F;Body Margarita;Gafete Azul Oscuro, Prelavado Polilycra, Prelavado Taller, Talla SM, Stiker, Bolsa;activo
29333;Body Margarita Blanco LXL;F;Body Margarita;Gafete Blanco, Prelavado Polilycra, Prelavado Taller, Talla LXL, Stiker, Bolsa;activo
29331;Body Margarita Blanco SM;F;Body Margarita;Gafete Blanco, Prelavado Polilycra, Prelavado Taller, Talla SM, Stiker, Bolsa;activo
29383;Body Margarita Café LXL;F;Body Margarita;Gafete Cafe, Prelavado Polilycra, Prelavado Taller, Talla LXL, Stiker, Bolsa;activo
29381;Body Margarita Café SM;F;Body Margarita;Gafete Cafe, Prelavado Polilycra, Prelavado Taller, Talla SM, Stiker, Bolsa;activo
29403;Body Margarita Camel LXL;F;Body Margarita;Gafete Camel, Prelavado Polilycra, Prelavado Taller, Talla LXL, Stiker, Bolsa;activo
29401;Body Margarita Camel SM;F;Body Margarita;Gafete Camel, Prelavado Polilycra, Prelavado Taller, Talla SM, Stiker, Bolsa;activo
29323;Body Margarita Crema LXL;F;Body Margarita;Gafete Crema, Prelavado Polilycra, Prelavado Taller, Talla LXL, Stiker, Bolsa;activo
29321;Body Margarita Crema SM;F;Body Margarita;Gafete Crema, Prelavado Polilycra, Prelavado Taller, Talla SM, Stiker, Bolsa;activo
29313;Body Margarita Negro LXL;F;Body Margarita;Gafete Negro, Prelavado Polilycra, Prelavado Taller, Talla LXL, Stiker, Bolsa;activo
29311;Body Margarita Negro SM;F;Body Margarita;Gafete Negro, Prelavado Polilycra, Prelavado Taller, Talla SM, Stiker, Bolsa;activo
29853;Body Margarita Palo Rosa LXL;F;Body Margarita;Gafete Palo Rosa, Prelavado Polilycra, Prelavado Taller, Talla LXL, Stiker, Bolsa;activo
29851;Body Margarita Palo Rosa SM;F;Body Margarita;Gafete Palo Rosa, Prelavado Polilycra, Prelavado Taller, Talla SM, Stiker, Bolsa;activo
29343;Body Margarita Terracota LXL;F;Body Margarita;Gafete Terracota, Prelavado Polilycra, Prelavado Taller, Talla LXL, Stiker, Bolsa;activo
29341;Body Margarita Terracota SM;F;Body Margarita;Gafete Terracota, Prelavado Polilycra, Prelavado Taller, Talla SM, Stiker, Bolsa;activo
29843;Body Margarita Verde Lima LXL;F;Body Margarita;Gafete Verde Lima, Prelavado Polilycra, Prelavado Taller, Talla LXL, Stiker, Bolsa;activo
29841;Body Margarita Verde Lima SM;F;Body Margarita;Gafete Verde Lima, Prelavado Polilycra, Prelavado Taller, Talla SM, Stiker, Bolsa;activo
29833;Body Margarita Verde Militar LXL;F;Body Margarita;Gafete Verde Militar, Prelavado Polilycra, Prelavado Taller, Talla LXL, Stiker, Bolsa;activo
29831;Body Margarita Verde Militar SM;F;Body Margarita;Gafete Verde Militar, Prelavado Polilycra, Prelavado Taller, Talla SM, Stiker, Bolsa;activo
29373;Body Margarita Verde Oliva LXL;F;Body Margarita;Gafete Verde Oliva, Prelavado Polilycra, Prelavado Taller, Talla LXL, Stiker, Bolsa;activo
29371;Body Margarita Verde Oliva SM;F;Body Margarita;Gafete Verde Oliva, Prelavado Polilycra, Prelavado Taller, Talla SM, Stiker, Bolsa;activo
29353;Body Margarita Vinotinto LXL;F;Body Margarita;Gafete Vinotitno, Prelavado Polilycra, Prelavado Taller, Talla LXL, Stiker, Bolsa;activo
29351;Body Margarita Vinotinto SM;F;Body Margarita;Gafete Vinotitno, Prelavado Polilycra, Prelavado Taller, Talla SM, Stiker, Bolsa;activo
24593;Body Maya Gris LXL;F;Body Maya;Gafete Gris, Prelavado Polilycra, Prelavado Taller, Talla LXL, Stiker, Bolsa,Caucho;activo
24591;Body Maya Gris SM;F;Body Maya;Gafete Gris, Prelavado Polilycra, Prelavado Taller, Talla SM, Stiker, Bolsa,Caucho;activo
24583;Body Maya Camel LXL;F;Body Maya;Gafete Camel, Prelavado Polilycra, Prelavado Taller, Talla LXL, Stiker, Bolsa,Caucho;activo
24581;Body Maya Camel SM;F;Body Maya;Gafete Camel, Prelavado Polilycra, Prelavado Taller, Talla SM, Stiker, Bolsa,Caucho;activo
24573;Body Maya Cafe LXL;F;Body Maya;Gafete Cafe, Prelavado Polilycra, Prelavado Taller, Talla LXL, Stiker, Bolsa,Caucho;activo
24571;Body Maya Cafe SM;F;Body Maya;Gafete Cafe, Prelavado Polilycra, Prelavado Taller, Talla SM, Stiker, Bolsa,Caucho;activo
24563;Body Maya Aguamarina LXL;F;Body Maya;Gafete Amarillo, Prelavado Polilycra, Prelavado Taller,Talla LXL, Stiker, Bolsa,Caucho;activo
24561;Body Maya Aguamarina SM;F;Body Maya;Gafete Amarillo, Prelavado Polilycra, Prelavado Taller, Talla SM, Stiker, Bolsa,Caucho;activo
24553;Body Maya Azul Oscuro LXL;F;Body Maya;Gafete Azul Oscuro, Prelavado Polilycra, Prelavado Taller, Talla LXL, Stiker, Bolsa,Caucho;activo
24551;Body Maya Azul Oscuro SM;F;Body Maya;Gafete Azul Oscuro, Prelavado Polilycra, Prelavado Taller, Talla SM, Stiker, Bolsa,Caucho;activo
24543;Body Maya Crema LXL;F;Body Maya;Gafete Crema, Prelavado Polilycra, Prelavado Taller, Talla LXL, Stiker, Bolsa,Caucho;activo
24541;Body Maya Crema SM;F;Body Maya;Gafete Crema, Prelavado Polilycra, Prelavado Taller, Talla SM, Stiker, Bolsa,Caucho;activo
20153;Body Maya Negro LXL;F;Body Maya;Gafete Negro, Prelavado Polilycra, Prelavado Taller, Talla LXL, Stiker, Bolsa, Caucho;activo
20151;Body Maya Negro SM;F;Body Maya;Gafete Negro, Prelavado Polilycra, Prelavado Taller, Talla SM, Stiker, Bolsa, Caucho;activo
20143;Body Maya Blanco LXL;F;Body Maya;Gafete Blanco, Prelavado Polilycra, Prelavado Taller, Talla LXL, Stiker, Bolsa,Caucho;activo
20141;Body Maya Blanco SM;F;Body Maya;Gafete Blanco, Prelavado Polilycra, Prelavado Taller, Talla SM, Stiker, Bolsa,Caucho;activo
26931;Body Milu Terracota SM;F;Body Milu;Gafete Milu, Prelavado Polilycra, Prelavado Taller, Talla SM, Stiker, Bolsa;activo
29203;Body Milu Verde Lima LXL;F;Body Milu;Gafete Verde Lima, Prelavado Polilycra, Prelavado Taller, Talla LXL, Stiker, Bolsa;activo
29201;Body Milu Verde Lima SM;F;Body Milu;Gafete Verde Lima, Prelavado Polilycra, Prelavado Taller, Talla SM, Stiker, Bolsa;activo
29033;Body Milu Amarillo LXL;F;Body Milu;Gafete Amarillo, Prelavado Polilycra, Prelavado Taller, Talla LXL, Stiker, Bolsa;activo
29031;Body Milu Amarillo SM;F;Body Milu;Gafete Amarillo, Prelavado Polilycra, Prelavado Taller, Talla SM, Stiker, Bolsa;activo
27623;Body Milu Gris LXL;F;Body Milu;Gafete Gris, Prelavado Polilycra, Prelavado Taller, Talla LXL, Stiker, Bolsa;activo
27621;Body Milu Gris SM;F;Body Milu;Gafete Gris, Prelavado Polilycra, Prelavado Taller, Talla SM, Stiker, Bolsa;activo
26933;Body Milu Terracota LXL;F;Body Milu;Gafete Terracota Prelavado Polilycra, Prelavado Taller, Talla LXL, Stiker, Bolsa;activo
26923;Body Milu Rojo LXL;F;Body Milu;Gafete Verde Rojo, Prelavado Polilycra, Prelavado Taller, Talla LXL, Stiker, Bolsa;activo
26921;Body Milu Rojo SM;F;Body Milu;Gafete Verde Rojo, Prelavado Polilycra, Prelavado Taller, Talla SM, Stiker, Bolsa;activo
25653;Body Milu Verde Oliva LXL;F;Body Milu;Gafete Verde Lima, Prelavado Polilycra, Prelavado Taller, Talla LXL, Stiker, Bolsa;activo
25651;Body Milu Verde Oliva SM;F;Body Milu;Gafete Verde Lima, Prelavado Polilycra, Prelavado Taller, Talla SM, Stiker, Bolsa;activo
25443;Body Milu Camel LXL;F;Body Milu;Gafete Camel, Prelavado Polilycra, Prelavado Taller, Talla LXL, Stiker, Bolsa;activo
25441;Body Milu Camel SM;F;Body Milu;Gafete Camel, Prelavado Polilycra, Prelavado Taller, Talla SM, Stiker, Bolsa;activo
24273;Body Milu Agua Marina LXL;F;Body Milu;Gafete Agua Marina, Prelavado Polilycra, Prelavado Taller, Talla LXL, Stiker, Bolsa;activo
24271;Body Milu Agua Marina SM;F;Body Milu;Gafete Agua Marina, Prelavado Polilycra, Prelavado Taller, Talla SM, Stiker, Bolsa;activo
23893;Body Milu Cafe LXL;F;Body Milu;Gafete Cafe, Prelavado Polilycra, Prelavado Taller, Talla LXL, Stiker, Bolsa;activo
23891;Body Milu Cafe SM;F;Body Milu;Gafete Cafe, Prelavado Polilycra, Prelavado Taller, Talla SM, Stiker, Bolsa;activo
23123;Body Milu Palo Rosa LXL;F;Body Milu;Gafete Palo Rosa, Prelavado Polilycra, Prelavado Taller, Talla LXL, Stiker, Bolsa;activo
23121;Body Milu Palo Rosa SM;F;Body Milu;Gafete Palo Rosa, Prelavado Polilycra, Prelavado Taller, Talla SM, Stiker, Bolsa;activo
22333;Body Milu Durazno XL;F;Body Milu;Gafete Durazno, Prelavado Polilycra, Prelavado Taller, Talla LXL, Stiker, Bolsa;activo
22331;Body Milu Durazno SM;F;Body Milu;Gafete Durazno, Prelavado Polilycra, Prelavado Taller, Talla SM, Stiker, Bolsa;activo
22323;Body Milu Azul Oscuro LXL;F;Body Milu;Gafete Azul Oscuro, Prelavado Polilycra, Prelavado Taller, Talla LXL, Stiker, Bolsa;activo
22321;Body Milu Azul Oscuro SM;F;Body Milu;Gafete Azul Oscuro, Prelavado Polilycra, Prelavado Taller, Talla SM, Stiker, Bolsa;activo
22311;Body Milu Uva SM;F;Body Milu;Gafete Agua Marina Prelavado Polilycra, Prelavado Taller, Talla SM, Stiker, Bolsa;activo
22303;Body Milu Lila XL;F;Body Milu;Gafete Lila, Prelavado Polilycra, Prelavado Taller, Talla LXL, Stiker, Bolsa;activo
22301;Body Milu Lila SM;F;Body Milu;Gafete Lila, Prelavado Polilycra, Prelavado Taller, Talla  SM, Stiker, Bolsa;activo
22293;Body Milu Azul Bebe LXL;F;Body Milu;Gafete Bebe, Prelavado Polilycra, Prelavado Taller, Talla LXL, Stiker, Bolsa;activo
22291;Body Milu Azul Bebe SM;F;Body Milu;Gafete Bebe, Prelavado Polilycra, Prelavado Taller, Talla SM, Stiker, Bolsa;activo
22263;Body Milu Crema LXL;F;Body Milu;Gafete Crema, Prelavado Polilycra, Prelavado Taller, Talla LXL, Stiker, Bolsa;activo
22261;Body Milu Crema SM;F;Body Milu;Gafete Crema, Prelavado Polilycra, Prelavado Taller, Talla SM, Stiker, Bolsa;activo
22253;Body Milu Vinotinto XL;F;Body Milu;Gafete Vinotinto, Prelavado Polilycra, Prelavado Taller, Talla LXL, Stiker, Bolsa;activo
22251;Body Milu Vinotinto SM;F;Body Milu;Gafete Vinotinto, Prelavado Polilycra, Prelavado Taller, Talla SM, Stiker, Bolsa;activo
22233;Body Milu Verde Militar LXL;F;Body Milu;Gafete Verde Militar, Prelavado Polilycra, Prelavado Taller, Talla LXL, Stiker, Bolsa;activo
22231;Body Milu Verde Militar SM;F;Body Milu;Gafete Verde Militar, Prelavado Polilycra, Prelavado Taller, Talla SM, Stiker, Bolsa;activo
19563;Body Milu Verde Cali LXL;F;Body Milu;Gafete Verde Cali, Prelavado Polilycra, Prelavado Taller, Talla LXL, Stiker, Bolsa;activo
19561;Body Milu Verde Cali SM;F;Body Milu;Gafete Verde Cali, Prelavado Polilycra, Prelavado Taller, Talla SM, Stiker, Bolsa;activo
19533;Body Milu Negro LXL;F;Body Milu;Gafete Negro, Prelavado Polilycra, Prelavado Taller, Talla LXL, Stiker, Bolsa;activo
19531;Body Milu Negro SM;F;Body Milu;Gafete Negro, Prelavado Polilycra, Prelavado Taller, Talla SM, Stiker, Bolsa;activo
19453;Body Milu Blanco LXL;F;Body Milu;Gafete Blanco, Prelavado Polilycra, Prelavado Taller, Talla LXL, Stiker, Bolsa;activo
19451;Body Milu Blanco SM;F;Body Milu;Gafete Blanco, Prelavado Polilycra, Prelavado Taller, Talla SM, Stiker, Bolsa;activo
24661;Body Misuri Crema SM;F;Body Misuri;Gafete Crema, Prelavado Polilycra, Prelavado Taller, Talla SM, Stiker, Bolsa;activo
24663;Body Misuri Crema LXL;F;Body Misuri;Gafete Crema, Prelavado Polilycra, Prelavado Taller, Talla LXL, Stiker, Bolsa;activo
24671;Body Misuri Blanco SM;F;Body Misuri;Gafete Blanco, Prelavado Polilycra, Prelavado Taller, Talla SM, Stiker, Bolsa;activo
24673;Body Misuri Blanco LXL;F;Body Misuri;Gafete Blanco, Prelavado Polilycra, Prelavado Taller, Talla LXL, Stiker, Bolsa;activo
24681;Body Misuri Agua Marina SM;F;Body Misuri;Gafete Agua Marina, Prelavado Polilycra, Prelavado Taller, Talla SM, Stiker, Bolsa;activo
24683;Body Misuri Agua Marina LXL;F;Body Misuri;Gafete Agua Marina, Prelavado Polilycra, Prelavado Taller, Talla LXL, Stiker, Bolsa;activo
24691;Body Misuri Durazno SM;F;Body Misuri;Gafete Durazno, Prelavado Polilycra, Prelavado Taller, Talla SM, Stiker, Bolsa;activo
24693;Body Misuri Durazno LXL;F;Body Misuri;Gafete Durazno, Prelavado Polilycra, Prelavado Taller, Talla LXL, Stiker, Bolsa;activo
25141;Body Misuri Azul Bebe SM;F;Body Misuri;Gafete Bebe, Prelavado Polilycra, Prelavado Taller, Talla SM, Stiker, Bolsa;activo
25143;Body Misuri Azul Bebe LXL;F;Body Misuri;Gafete Bebe, Prelavado Polilycra, Prelavado Taller, Talla LXL, Stiker, Bolsa;activo
25151;Body Misuri Verde Militar SM;F;Body Misuri;Gafete Verde Militar, Prelavado Polilycra, Prelavado Taller, Talla SM, Stiker, Bolsa;activo
25153;Body Misuri Verde Militar LXL;F;Body Misuri;Gafete Verde Militar, Prelavado Polilycra, Prelavado Taller, Talla LXL, Stiker, Bolsa;activo
25161;Body Misuri Camel SM;F;Body Misuri;Gafete Camel, Prelavado Polilycra, Prelavado Taller, Talla SM, Stiker, Bolsa;activo
25163;Body Misuri Camel LXL;F;Body Misuri;Gafete Camel, Prelavado Polilycra, Prelavado Taller, Talla LXL, Stiker, Bolsa;activo
25181;Body Misuri Verde Cali SM;F;Body Misuri;Gafete Verde Cali, Prelavado Polilycra, Prelavado Taller, Talla SM, Stiker, Bolsa;activo
25183;Body Misuri Verde Cali LXL;F;Body Misuri;Gafete Verde Cali, Prelavado Polilycra, Prelavado Taller, Talla LXL, Stiker, Bolsa;activo
26011;Body Misuri Azul Oscuro SM;F;Body Misuri;Gafete Azul Oscuro, Prelavado Polilycra, Prelavado Taller, Talla SM, Stiker, Bolsa;activo
26013;Body Misuri Azul Oscuro LXL;F;Body Misuri;Gafete Azul Oscuro, Prelavado Polilycra, Prelavado Taller, Talla LXL, Stiker, Bolsa;activo
26021;Body Misuri Camel SM;F;Body Misuri;Gafete Cafe, Prelavado Polilycra, Prelavado Taller, Talla SM, Stiker, Bolsa;activo
26023;Body Misuri Camel LXL;F;Body Misuri;Gafete Cafe, Prelavado Polilycra, Prelavado Taller, Talla LXL, Stiker, Bolsa;activo
26031;Body Misuri Verde Oliva SM;F;Body Misuri;Gafete Verde Lima, Prelavado Polilycra, Prelavado Taller, Talla SM, Stiker, Bolsa;activo
26033;Body Misuri Verde Oliva LXL;F;Body Misuri;Gafete Verde Lima, Prelavado Polilycra, Prelavado Taller, Talla LXL, Stiker, Bolsa;activo
27591;Body Misuri Lila SM;F;Body Misuri;Gafete Lila, Prelavado Polilycra, Prelavado Taller, Talla  SM, Stiker, Bolsa;activo
27593;Body Misuri Lila LXL;F;Body Misuri;Gafete Lila, Prelavado Polilycra, Prelavado Taller, Talla LXL, Stiker, Bolsa;activo
27601;Body Misuri Terracota SM;F;Body Misuri;Gafete Vinotinto, Prelavado Polilycra, Prelavado Taller, Talla SM, Stiker, Bolsa;activo
27603;Body Misuri Terracota LXL;F;Body Misuri;Gafete Terracota Prelavado Polilycra, Prelavado Taller, Talla LXL, Stiker, Bolsa;activo
27611;Body Misuri Rojo SM;F;Body Misuri;Gafete Verde Rojo, Prelavado Polilycra, Prelavado Taller, Talla SM, Stiker, Bolsa;activo
27613;Body Misuri Rojo LXL;F;Body Misuri;Gafete Verde Rojo, Prelavado Polilycra, Prelavado Taller, Talla LXL, Stiker, Bolsa;activo
27681;Body Misuri Gris SM;F;Body Misuri;Gafete Gris, Prelavado Polilycra, Prelavado Taller, Talla SM, Stiker, Bolsa;activo
27683;Body Misuri Gris LXL;F;Body Misuri;Gafete Gris, Prelavado Polilycra, Prelavado Taller, Talla LXL, Stiker, Bolsa;activo
27691;Body Misuri Vinotinto SM;F;Body Misuri;Gafete Vinotinto, Prelavado Polilycra, Prelavado Taller, Talla SM, Stiker, Bolsa;activo
27693;Body Misuri Vinotinto LXL;F;Body Misuri;Gafete Vinotinto, Prelavado Polilycra, Prelavado Taller, Talla LXL, Stiker, Bolsa;activo
24653;Body Misuri Negro LXL;F;Body Misuri;Gafete Negro, Prelavado Polilycra, Prelavado Taller, Talla LXL, Stiker, Bolsa;activo
24651;Body Misuri Negro SM;F;Body Misuri;Gafete Negro, Prelavado Polilycra, Prelavado Taller, Talla SM, Stiker, Bolsa;activo
25241;Body Natu Negro SM;F;Body Natu;Gafete Negro, Prelavado Polilycra, Prelavado Taller, Talla SM, Stiker, Bolsa;activo
25243;Body Natu Negro LXL;F;Body Natu;Gafete Negro, Prelavado Polilycra, Prelavado Taller, Talla LXL, Stiker, Bolsa;activo
25251;Body Natu Crema SM;F;Body Natu;Gafete Crema, Prelavado Polilycra, Prelavado Taller, Talla SM, Stiker, Bolsa;activo
25253;Body Natu Crema LXL;F;Body Natu;Gafete Crema, Prelavado Polilycra, Prelavado Taller, Talla LXL, Stiker, Bolsa;activo
25261;Body Natu Blanco SM;F;Body Natu;Gafete Blanco, Prelavado Polilycra, Prelavado Taller, Talla SM, Stiker, Bolsa;activo
25263;Body Natu Blanco LXL;F;Body Natu;Gafete Blanco, Prelavado Polilycra, Prelavado Taller, Talla LXL, Stiker, Bolsa;activo
25271;Body Natu Durazno SM;F;Body Natu;Gafete Durazno, Prelavado Polilycra, Prelavado Taller, Talla SM, Stiker, Bolsa;activo
25273;Body Natu Durazno LXL;F;Body Natu;Gafete Durazno, Prelavado Polilycra, Prelavado Taller, Talla LXL, Stiker, Bolsa;activo
25281;Body Natu Verde Militar SM;F;Body Natu;Gafete Verde Militar, Prelavado Polilycra, Prelavado Taller, Talla SM, Stiker, Bolsa;activo
25283;Body Natu Verde Militar LXL;F;Body Natu;Gafete Verde Militar, Prelavado Polilycra, Prelavado Taller, Talla LXL, Stiker, Bolsa;activo
25291;Body Natu Camel SM;F;Body Natu;Gafete Cafe, Prelavado Polilycra, Prelavado Taller, Talla SM, Stiker, Bolsa;activo
25293;Body Natu Camel LXL;F;Body Natu;Gafete Cafe, Prelavado Polilycra, Prelavado Taller, Talla LXL, Stiker, Bolsa;activo
25301;Body Natu Azul Oscuro SM;F;Body Natu;Gafete Azul Oscuro, Prelavado Polilycra, Prelavado Taller, Talla SM, Stiker, Bolsa;activo
25303;Body Natu Azul Oscuro LXL;F;Body Natu;Gafete Azul Oscuro, Prelavado Polilycra, Prelavado Taller, Talla LXL, Stiker, Bolsa;activo
25311;Body Natu Gris SM;F;Body Natu;Gafete Gris, Prelavado Polilycra, Prelavado Taller, Talla SM, Stiker, Bolsa;activo
25313;Body Natu Gris LXL;F;Body Natu;Gafete Gris, Prelavado Polilycra, Prelavado Taller, Talla LXL, Stiker, Bolsa;activo
25321;Body Natu Camel SM;F;Body Natu;Gafete Camel, Prelavado Polilycra, Prelavado Taller, Talla SM, Stiker, Bolsa;activo
25323;Body Natu Camel LXL;F;Body Natu;Gafete Camel, Prelavado Polilycra, Prelavado Taller, Talla LXL, Stiker, Bolsa;activo
25303;Body Natu Azul Oscuro LXL;F;Body Natu;Gafete Azul Oscuro, Prelavado Polilycra, Prelavado Taller, Talla LXL, Stiker, Bolsa;activo
25301;Body Natu Azul Oscuro SM;F;Body Natu;Gafete Azul Oscuro, Prelavado Polilycra, Prelavado Taller, Talla SM, Stiker, Bolsa;activo
25263;Body Natu Blanco LXL;F;Body Natu;Gafete Blanco, Prelavado Polilycra, Prelavado Taller, Talla LXL, Stiker, Bolsa;activo
25261;Body Natu Blanco SM;F;Body Natu;Gafete Blanco, Prelavado Polilycra, Prelavado Taller, Talla SM, Stiker, Bolsa;activo
25293;Body Natu Café LXL;F;Body Natu;Gafete Cafe, Prelavado Polilycra, Prelavado Taller, Talla LXL, Stiker, Bolsa;activo
25291;Body Natu Café SM;F;Body Natu;Gafete Cafe, Prelavado Polilycra, Prelavado Taller, Talla SM, Stiker, Bolsa;activo
25323;Body Natu Camel LXL;F;Body Natu;Gafete Camel, Prelavado Polilycra, Prelavado Taller, Talla LXL, Stiker, Bolsa;activo
25321;Body Natu Camel SM;F;Body Natu;Gafete Camel, Prelavado Polilycra, Prelavado Taller, Talla SM, Stiker, Bolsa;activo
25253;Body Natu Crema LXL;F;Body Natu;Gafete Crema, Prelavado Polilycra, Prelavado Taller, Talla LXL, Stiker, Bolsa;activo
25251;Body Natu Crema SM;F;Body Natu;Gafete Crema, Prelavado Polilycra, Prelavado Taller, Talla SM, Stiker, Bolsa;activo
25273;Body Natu Durazno LXL;F;Body Natu;Gafete Durazno, Prelavado Polilycra, Prelavado Taller, Talla LXL, Stiker, Bolsa;activo
25271;Body Natu Durazno SM;F;Body Natu;Gafete Durazno, Prelavado Polilycra, Prelavado Taller, Talla SM, Stiker, Bolsa;activo
25313;Body Natu Gris LXL;F;Body Natu;Gafete Gris, Prelavado Polilycra, Prelavado Taller, Talla LXL, Stiker, Bolsa;activo
25311;Body Natu Gris SM;F;Body Natu;Gafete Gris, Prelavado Polilycra, Prelavado Taller, Talla SM, Stiker, Bolsa;activo
25243;Body Natu Negro LXL;F;Body Natu;Gafete Negro, Prelavado Polilycra, Prelavado Taller, Talla LXL, Stiker, Bolsa;activo
25241;Body Natu Negro SM;F;Body Natu;Gafete Negro, Prelavado Polilycra, Prelavado Taller, Talla SM, Stiker, Bolsa;activo
25283;Body Natu Verde Militar LXL;F;Body Natu;Gafete Verde Militar, Prelavado Polilycra, Prelavado Taller, Talla LXL, Stiker, Bolsa;activo
25281;Body Natu Verde Militar SM;F;Body Natu;Gafete Verde Militar, Prelavado Polilycra, Prelavado Taller, Talla SM, Stiker, Bolsa;activo
26481;Body Noah Lila SM;F;Body Noah;Gafete Lila, Prelavado Polilycra, Prelavado Taller, Talla  SM, Stiker, Bolsa;activo
24981;Body Noah Negro SM;F;Body Noah;Gafete Negro, Prelavado Polilycra, Prelavado Taller, Talla SM, Stiker, Bolsa;activo
24991;Body Noah Crema SM;F;Body Noah;Gafete Crema, Prelavado Polilycra, Prelavado Taller, Talla SM, Stiker, Bolsa;activo
24993;Body Noah Crema LXL;F;Body Noah;Gafete Crema, Prelavado Polilycra, Prelavado Taller, Talla LXL, Stiker, Bolsa;activo
25001;Body Noah Blanco SM;F;Body Noah;Gafete Blanco, Prelavado Polilycra, Prelavado Taller, Talla SM, Stiker, Bolsa;activo
25011;Body Noah Camel SM;F;Body Noah;Gafete Camel, Prelavado Polilycra, Prelavado Taller, Talla SM, Stiker, Bolsa;activo
25013;Body Noah Camel LXL;F;Body Noah;Gafete Camel, Prelavado Polilycra, Prelavado Taller, Talla LXL, Stiker, Bolsa;activo
26401;Body Noah Verde Militar SM;F;Body Noah;Gafete Verde Militar, Prelavado Polilycra, Prelavado Taller, Talla SM, Stiker, Bolsa;activo
26403;Body Noah Verde Militar LXL;F;Body Noah;Gafete Verde Militar, Prelavado Polilycra, Prelavado Taller, Talla LXL, Stiker, Bolsa;activo
26411;Body Noah Azul Oscuro SM;F;Body Noah;Gafete Azul Oscuro, Prelavado Polilycra, Prelavado Taller, Talla SM, Stiker, Bolsa;activo
26413;Body Noah Azul Oscuro LXL;F;Body Noah;Gafete Azul Oscuro, Prelavado Polilycra, Prelavado Taller, Talla LXL, Stiker, Bolsa;activo
26421;Body Noah Cafe SM;F;Body Noah;Gafete Cafe, Prelavado Polilycra, Prelavado Taller, Talla SM, Stiker, Bolsa;activo
26423;Body Noah Cafe LXL;F;Body Noah;Gafete Cafe, Prelavado Polilycra, Prelavado Taller, Talla LXL, Stiker, Bolsa;activo
26431;Body Noah Verde Oliva SM;F;Body Noah;Gafete Verde Lima, Prelavado Polilycra, Prelavado Taller, Talla SM, Stiker, Bolsa;activo
26433;body Noah Verde Oliva LXL;F;Body Noah;Gafete Verde Lima, Prelavado Polilycra, Prelavado Taller, Talla LXL, Stiker, Bolsa;activo
26483;BOdy Noah Lila LXL;F;Body Noah;Gafete Lila, Prelavado Polilycra, Prelavado Taller, Talla LXL, Stiker, Bolsa;activo
26841;Body Noah Vinotinto SM;F;Body Noah;Gafete Vinotinto, Prelavado Polilycra, Prelavado Taller, Talla SM, Stiker, Bolsa;activo
26843;Body Noah Vinotinto LXL;F;Body Noah;Gafete Vinotinto, Prelavado Polilycra, Prelavado Taller, Talla LXL, Stiker, Bolsa;activo
26951;Body Noah Rojo S;F;Body Noah;Gafete Verde Rojo, Prelavado Polilycra, Prelavado Taller, Talla SM, Stiker, Bolsa;activo
26953;Body Noah Rojo LXL;F;Body Noah;Gafete Verde Rojo, Prelavado Polilycra, Prelavado Taller, Talla LXL, Stiker, Bolsa;activo
26961;Body Noah Terracota SM;F;Body Noah;Gafete Vinotinto, Prelavado Polilycra, Prelavado Taller, Talla SM, Stiker, Bolsa;activo
26963;Body Noah Terracota LXL;F;Body Noah;Gafete Terracota Prelavado Polilycra, Prelavado Taller, Talla LXL, Stiker, Bolsa;activo
26971;Body Noah Azul Bebe SM;F;Body Noah;Gafete Bebe, Prelavado Polilycra, Prelavado Taller, Talla SM, Stiker, Bolsa;activo
26973;Body Noah Azul Bebe LXL;F;Body Noah;Gafete Bebe, Prelavado Polilycra, Prelavado Taller, Talla LXL, Stiker, Bolsa;activo
28761;Body Noah Gris SM;F;Body Noah;Gafete Gris, Prelavado Polilycra, Prelavado Taller, Talla SM, Stiker, Bolsa;activo
28763;Body Noah Gris LXL;F;Body Noah;Gafete Gris, Prelavado Polilycra, Prelavado Taller, Talla LXL, Stiker, Bolsa;activo
28961;Body Noah Durazno SM;F;Body Noah;Gafete Durazno, Prelavado Polilycra, Prelavado Taller, Talla SM, Stiker, Bolsa;activo
28963;Body Noah Durazno LXL;F;Body Noah;Gafete Durazno, Prelavado Polilycra, Prelavado Taller, Talla LXL, Stiker, Bolsa;activo
25011;Body Noah  Camel SM;F;Body Noah;Gafete Camel, Prelavado Polilycra, Prelavado Taller, Talla SM, Stiker, Bolsa;activo
26973;Body Noah Azul Bebe LXL;F;Body Noah;Gafete Azul Bebe, Prelavado Polilycra, Prelavado Taller, Talla LXL, Stiker, Bolsa;activo
26971;Body Noah Azul Bebe SM;F;Body Noah;Gafete Azul Bebe, Prelavado Polilycra, Prelavado Taller, Talla SM, Stiker, Bolsa;activo
26413;Body Noah Azul Oscuro LXL;F;Body Noah;Gafete Azul Oscuro, Prelavado Polilycra, Prelavado Taller, Talla LXL, Stiker, Bolsa;activo
26411;Body Noah Azul Oscuro SM;F;Body Noah;Gafete Azul Oscuro, Prelavado Polilycra, Prelavado Taller, Talla SM, Stiker, Bolsa;activo
25003;Body Noah Blanco LXL;F;Body Noah;Gafete Blanco, Prelavado Polilycra, Prelavado Taller, Talla LXL, Stiker, Bolsa;activo
25001;Body Noah Blanco SM;F;Body Noah;Gafete Blanco, Prelavado Polilycra, Prelavado Taller, Talla SM, Stiker, Bolsa;activo
26423;Body Noah Cafe LXL;F;Body Noah;Gafete Cafe, Prelavado Polilycra, Prelavado Taller, Talla LXL, Stiker, Bolsa;activo
26421;Body Noah Cafe SM;F;Body Noah;Gafete Cafe, Prelavado Polilycra, Prelavado Taller, Talla SM, Stiker, Bolsa;activo
25013;Body Noah Camel LXL;F;Body Noah;Gafete Camel, Prelavado Polilycra, Prelavado Taller, Talla LXL, Stiker, Bolsa;activo
24993;Body Noah Crema LXL;F;Body Noah;Gafete Crema, Prelavado Polilycra, Prelavado Taller, Talla LXL, Stiker, Bolsa;activo
24991;Body Noah Crema SM;F;Body Noah;Gafete Crema, Prelavado Polilycra, Prelavado Taller, Talla SM, Stiker, Bolsa;activo
28963;Body Noah Durazno LXL;F;Body Noah;Gafete Durazno, Prelavado Polilycra, Prelavado Taller, Talla LXL, Stiker, Bolsa;activo
28961;Body Noah Durazno SM;F;Body Noah;Gafete Durazno, Prelavado Polilycra, Prelavado Taller, Talla SM, Stiker, Bolsa;activo
28763;Body Noah Gris LXL;F;Body Noah;Gafete Gris, Prelavado Polilycra, Prelavado Taller, Talla LXL, Stiker, Bolsa;activo
28761;Body Noah Gris SM;F;Body Noah;Gafete Gris, Prelavado Polilycra, Prelavado Taller, Talla SM, Stiker, Bolsa;activo
26483;BOdy Noah Lila LXL;F;Body Noah;Gafete Lila, Prelavado Polilycra, Prelavado Taller, Talla LXL, Stiker, Bolsa;activo
26481;Body Noah Lila SM;F;Body Noah;Gafete Lila, Prelavado Polilycra, Prelavado Taller, Talla SM, Stiker, Bolsa;activo
24983;Body Noah Negro LXL;F;Body Noah;Gafete Negro, Prelavado Polilycra, Prelavado Taller, Talla LXL, Stiker, Bolsa;activo
24981;Body Noah Negro SM;F;Body Noah;Gafete Negro, Prelavado Polilycra, Prelavado Taller, Talla SM, Stiker, Bolsa;activo
26953;Body Noah Rojo LXL;F;Body Noah;Gafete Rojo, Prelavado Polilycra, Prelavado Taller, Talla LXL, Stiker, Bolsa;activo
26951;Body Noah Rojo SM;F;Body Noah;Gafete Rojo, Prelavado Polilycra, Prelavado Taller, Talla SM, Stiker, Bolsa;activo
26963;Body Noah Terracota LXL;F;Body Noah;Gafete Terracota, Prelavado Polilycra, Prelavado Taller, Talla LXL, Stiker, Bolsa;activo
26961;Body Noah Terracota SM;F;Body Noah;Gafete Terracota, Prelavado Polilycra, Prelavado Taller, Talla SM, Stiker, Bolsa;activo
26403;Body Noah Verde Militar LXL;F;Body Noah;Gafete Verde Militar, Prelavado Polilycra, Prelavado Taller, Talla LXL, Stiker, Bolsa;activo
26401;Body Noah Verde Militar SM;F;Body Noah;Gafete Verde Militar, Prelavado Polilycra, Prelavado Taller, Talla SM, Stiker, Bolsa;activo
26433;body Noah Verde Oliva LXL;F;Body Noah;Gafete Verde Oliva, Prelavado Polilycra, Prelavado Taller, Talla LXL, Stiker, Bolsa;activo
26431;Body Noah Verde Oliva SM;F;Body Noah;Gafete Verde Oliva, Prelavado Polilycra, Prelavado Taller, Talla SM, Stiker, Bolsa;activo
26843;Body Noah Vinotinto LXL;F;Body Noah;Gafete Vinotitno, Prelavado Polilycra, Prelavado Taller, Talla LXL, Stiker, Bolsa;activo
26841;Body Noah Vinotinto SM;F;Body Noah;Gafete Vinotitno, Prelavado Polilycra, Prelavado Taller, Talla SM, Stiker, Bolsa;activo
28913;Body Oreo Amarillo LXL;F;Body Oreo;Gafete Amarillo, Prelavado Polilycra, Prelavado Taller, Talla LXL, Stiker, Bolsa,Caucho;activo
28911;Body Oreo Amarillos SM;F;Body Oreo;Gafete Amarillo, Prelavado Polilycra, Prelavado Taller, Talla SM, Stiker, Bolsa,Caucho;activo
28503;Body Oreo Camel LXL;F;Body Oreo;Gafete Camel, Prelavado Polilycra, Prelavado Taller, Talla LXL, Stiker, Bolsa,Caucho;activo
28501;Body Oreo Camel SM;F;Body Oreo;Gafete Camel, Prelavado Polilycra, Prelavado Taller, Talla SM, Stiker, Bolsa,Caucho;activo
28493;Body Oreo Lila LXL;F;Body Oreo;Gafete Lila, Prelavado Polilycra, Prelavado Taller, Talla LXL, Stiker, Bolsa,Caucho;activo
28491;Body Oreo Lila SM;F;Body Oreo;Gafete Lila, Prelavado Polilycra, Prelavado Taller, Talla  SM, Stiker, Bolsa,Caucho;activo
28483;Body Oreo Durazno LXL;F;Body Oreo;Gafete Durazno, Prelavado Polilycra, Prelavado Taller, Talla LXL, Stiker, Bolsa,Caucho;activo
28481;Body Oreo Durazno SM;F;Body Oreo;Gafete Durazno, Prelavado Polilycra, Prelavado Taller, Talla SM, Stiker, Bolsa,Caucho;activo
28473;Body Oreo Vinotinto LXL;F;Body Oreo;Gafete Vinotinto, Prelavado Polilycra, Prelavado Taller, Talla LXL, Stiker, Bolsa,Caucho;activo
28471;Body Oreo Vinotinto SM;F;Body Oreo;Gafete Vinotinto, Prelavado Polilycra, Prelavado Taller, Talla SM, Stiker, Bolsa,Caucho;activo
28361;Body Oreo Negro SM;F;Body Oreo;Gafete Negro, Prelavado Polilycra, Prelavado Taller, Talla SM, Stiker, Bolsa, Caucho;activo
28363;Body Oreo Negro LXL;F;Body Oreo;Gafete Negro, Prelavado Polilycra, Prelavado Taller, Talla LXL, Stiker, Bolsa, Caucho;activo
28371;Body Oreo Crema SM;F;Body Oreo;Gafete Crema, Prelavado Polilycra, Prelavado Taller, Talla SM, Stiker, Bolsa,Caucho;activo
28373;Body Oreo Crema LXL;F;Body Oreo;Gafete Crema, Prelavado Polilycra, Prelavado Taller, Talla LXL, Stiker, Bolsa,Caucho;activo
28381;Body Oreo Blanco SM;F;Body Oreo;Gafete Blanco, Prelavado Polilycra, Prelavado Taller, Talla SM, Stiker, Bolsa,Caucho;activo
28383;Body Oreo Blanco LXL;F;Body Oreo;Gafete Blanco, Prelavado Polilycra, Prelavado Taller, Talla LXL, Stiker, Bolsa,Caucho;activo
28391;Body Oreo Rojo SM;F;Body Oreo;Gafete Verde Rojo, Prelavado Polilycra, Prelavado Taller, Talla SM, Stiker, Bolsa,Caucho;activo
28393;Body Oreo Rojo LXL;F;Body Oreo;Gafete Verde Rojo, Prelavado Polilycra, Prelavado Taller, Talla LXL, Stiker, Bolsa,Caucho;activo
28401;Body Oreo Terracota SM;F;Body Oreo;Gafete Vinotinto, Prelavado Polilycra, Prelavado Taller, Talla SM, Stiker, Bolsa,Caucho;activo
28403;Body Oreo Terracota LXL;F;Body Oreo;Gafete Terracota Prelavado Polilycra, Prelavado Taller, Talla LXL, Stiker, Bolsa,Caucho;activo
28411;Body Oreo Azul Oscuro SM;F;Body Oreo;Gafete Azul Oscuro, Prelavado Polilycra, Prelavado Taller, Talla SM, Stiker, Bolsa,Caucho;activo
28413;Body Oreo Azul Oscuro LXL;F;Body Oreo;Gafete Azul Oscuro, Prelavado Polilycra, Prelavado Taller, Talla LXL, Stiker, Bolsa,Caucho;activo
28421;Body Oreo Azul Bebe SM;F;Body Oreo;Gafete Bebe, Prelavado Polilycra, Prelavado Taller, Talla SM, Stiker, Bolsa,Caucho;activo
28423;Body Oreo Azul Bebe LXL;F;Body Oreo;Gafete Bebe, Prelavado Polilycra, Prelavado Taller, Talla LXL, Stiker, Bolsa,Caucho;activo
28431;Body Oreo Verde Militar SM;F;Body Oreo;Gafete Verde Militar, Prelavado Polilycra, Prelavado Taller, Talla SM, Stiker, Bolsa,Caucho;activo
28433;Body Oreo Verde Militar LXL;F;Body Oreo;Gafete Verde Militar, Prelavado Polilycra, Prelavado Taller, Talla LXL, Stiker, Bolsa,Caucho;activo
28441;Body Oreo Verde Oliva SM;F;Body Oreo;Gafete Verde Lima, Prelavado Polilycra, Prelavado Taller, Talla SM, Stiker, Bolsa,Caucho;activo
28443;Body Oreo Verde Oliva LXL;F;Body Oreo;Gafete Verde Lima, Prelavado Polilycra, Prelavado Taller, Talla LXL, Stiker, Bolsa,Caucho;activo
28451;Body Oreo Camel SM;F;Body Oreo;Gafete Cafe, Prelavado Polilycra, Prelavado Taller, Talla SM, Stiker, Bolsa,Caucho;activo
28453;Body Oreo Camel LXL;F;Body Oreo;Gafete Cafe, Prelavado Polilycra, Prelavado Taller, Talla LXL, Stiker, Bolsa,Caucho;activo
28461;Body Oreo Gris SM;F;Body Oreo;Gafete Gris, Prelavado Polilycra, Prelavado Taller, Talla SM, Stiker, Bolsa,Caucho;activo
28463;Body Oreo Gris LXL;F;Body Oreo;Gafete Gris, Prelavado Polilycra, Prelavado Taller, Talla LXL, Stiker, Bolsa,Caucho;activo
25733;Body Paula Cafe LXL;F;Body Paula;Gafete Cafe, Prelavado Polilycra, Prelavado Taller, Talla LXL, Stiker, Bolsa;activo
25741;Body Paula Verde Oliva SM;F;Body Paula;Gafete Verde Lima, Prelavado Polilycra, Prelavado Taller, Talla SM, Stiker, Bolsa;activo
25743;Body Paula Verde Oliva LXL;F;Body Paula;Gafete Verde Lima, Prelavado Polilycra, Prelavado Taller, Talla LXL, Stiker, Bolsa;activo
26831;Body Paula Vinotinto SM;F;Body Paula;Gafete Vinotinto, Prelavado Polilycra, Prelavado Taller, Talla SM, Stiker, Bolsa;activo
26833;Body Paula Vinotinto LXL;F;Body Paula;Gafete Vinotinto, Prelavado Polilycra, Prelavado Taller, Talla LXL, Stiker, Bolsa;activo
27131;Body Paula Terracota SM;F;Body Paula;Gafete Vinotinto, Prelavado Polilycra, Prelavado Taller, Talla SM, Stiker, Bolsa;activo
27133;Body Paula Terracota LXL;F;Body Paula;Gafete Terracota Prelavado Polilycra, Prelavado Taller, Talla LXL, Stiker, Bolsa;activo
27221;Body Paula Rojo SM;F;Body Paula;Gafete Verde Rojo, Prelavado Polilycra, Prelavado Taller, Talla SM, Stiker, Bolsa;activo
27223;Body Paula Rojo LXL;F;Body Paula;Gafete Verde Rojo, Prelavado Polilycra, Prelavado Taller, Talla LXL, Stiker, Bolsa;activo
27421;Body Paula Azul Bebe SM;F;Body Paula;Gafete Bebe, Prelavado Polilycra, Prelavado Taller, Talla SM, Stiker, Bolsa;activo
27423;Body Paula Azul Bebe LXL;F;Body Paula;Gafete Bebe, Prelavado Polilycra, Prelavado Taller, Talla LXL, Stiker, Bolsa;activo
27541;Body Paula Durazno SM;F;Body Paula;Gafete Durazno, Prelavado Polilycra, Prelavado Taller, Talla SM, Stiker, Bolsa;activo
27543;Body Paula Durazno LXL;F;Body Paula;Gafete Durazno, Prelavado Polilycra, Prelavado Taller, Talla LXL, Stiker, Bolsa;activo
28901;Body Paula Amarillo SM;F;Body Paula;Gafete Amarillo, Prelavado Polilycra, Prelavado Taller, Talla SM, Stiker, Bolsa;activo
28903;Body Paula Amarillo LXL;F;Body Paula;Gafete Amarillo, Prelavado Polilycra, Prelavado Taller, Talla LXL, Stiker, Bolsa;activo
24983;Body Noah Negro LXL;F;Body Paula;Gafete Negro, Prelavado Polilycra, Prelavado Taller, Talla LXL, Stiker, Bolsa;activo
24903;Body Paula Crema LXL;F;Body Paula;Gafete Crema, Prelavado Polilycra, Prelavado Taller, Talla LXL, Stiker, Bolsa;activo
24901;Body Paula Crema SM;F;Body Paula;Gafete Crema, Prelavado Polilycra, Prelavado Taller, Talla SM, Stiker, Bolsa;activo
24853;Body Paula Blanco LXL;F;Body Paula;Gafete Blanco, Prelavado Polilycra, Prelavado Taller, Talla LXL, Stiker, Bolsa;activo
24851;Body Paula Blanco SM;F;Body Paula;Gafete Blanco, Prelavado Polilycra, Prelavado Taller, Talla SM, Stiker, Bolsa;activo
24843;Body Paula Negro LXL;F;Body Paula;Gafete Negro, Prelavado Polilycra, Prelavado Taller, Talla LXL, Stiker, Bolsa;activo
24841;Body Paula Negro SM;F;Body Paula;Gafete Negro, Prelavado Polilycra, Prelavado Taller, Talla SM, Stiker, Bolsa;activo
25003;Body Noah Blanco LXL;F;Body Paula;Gafete Blanco, Prelavado Polilycra, Prelavado Taller, Talla LXL, Stiker, Bolsa;activo
25721;Body Paula Camel SM;F;Body Paula;Gafete Camel, Prelavado Polilycra, Prelavado Taller, Talla SM, Stiker, Bolsa;activo
25723;Body Paula Camel LXL;F;Body Paula;Gafete Camel, Prelavado Polilycra, Prelavado Taller, Talla LXL, Stiker, Bolsa;activo
24861;Body Paula Lila SM;F;Body Paula;Gafete Lila, Prelavado Polilycra, Prelavado Taller, Talla  SM, Stiker, Bolsa;activo
24863;Body Paula Lila LXL;F;Body Paula;Gafete Lila, Prelavado Polilycra, Prelavado Taller, Talla LXL, Stiker, Bolsa;activo
24871;Body Paula Verde Militar SM;F;Body Paula;Gafete Verde Militar, Prelavado Polilycra, Prelavado Taller, Talla SM, Stiker, Bolsa;activo
24873;Body Paula Verde Militar LXL;F;Body Paula;Gafete Verde Militar, Prelavado Polilycra, Prelavado Taller, Talla LXL, Stiker, Bolsa;activo
24881;Body Paula Gris SM;F;Body Paula;Gafete Gris, Prelavado Polilycra, Prelavado Taller, Talla SM, Stiker, Bolsa;activo
24883;Body Paula Gris LXL;F;Body Paula;Gafete Gris, Prelavado Polilycra, Prelavado Taller, Talla LXL, Stiker, Bolsa;activo
24891;Body Paula Azul Oscuro SM;F;Body Paula;Gafete Azul Oscuro, Prelavado Polilycra, Prelavado Taller, Talla SM, Stiker, Bolsa;activo
24893;Body Paula Azul Oscuro LXL;F;Body Paula;Gafete Azul Oscuro, Prelavado Polilycra, Prelavado Taller, Talla LXL, Stiker, Bolsa;activo
24153;Body Samy Verde Militar LXL;F;Body Samy;Gafete Verde Militar, Prelavado Polilycra, Prelavado Taller, Talla LXL, Stiker, Bolsa;activo
24151;Body Samy Verde Militar SM;F;Body Samy;Gafete Verde Militar, Prelavado Polilycra, Prelavado Taller, Talla SM, Stiker, Bolsa;activo
24143;Body Samy Terracota LXL;F;Body Samy;Gafete Terracota Prelavado Polilycra, Prelavado Taller, Talla LXL, Stiker, Bolsa;activo
24141;Body Samy Terracota SM;F;Body Samy;Gafete Vinotinto, Prelavado Polilycra, Prelavado Taller, Talla SM, Stiker, Bolsa;activo
23383;Body Samy Azul Oscuro LXL;F;Body Samy;Gafete Azul Oscuro, Prelavado Polilycra, Prelavado Taller, Talla LXL, Stiker, Bolsa;activo
23381;Body Samy Azul Oscuro SM;F;Body Samy;Gafete Azul Oscuro, Prelavado Polilycra, Prelavado Taller, Talla SM, Stiker, Bolsa;activo
23363;Body Samy Azul Bebe LXL;F;Body Samy;Gafete Bebe, Prelavado Polilycra, Prelavado Taller, Talla LXL, Stiker, Bolsa;activo
23361;Body Samy Azul Bebe SM;F;Body Samy;Gafete Bebe, Prelavado Polilycra, Prelavado Taller, Talla SM, Stiker, Bolsa;activo
23343;Body Samy Blanco LXL;F;Body Samy;Gafete Blanco, Prelavado Polilycra, Prelavado Taller, Talla LXL, Stiker, Bolsa;activo
23323;Body Samy NegroLXL;F;Body Samy;Gafete Negro, Prelavado Polilycra, Prelavado Taller, Talla LXL, Stiker, Bolsa;activo
23331;Body Samy Crema SM;F;Body Samy;Gafete Crema, Prelavado Polilycra, Prelavado Taller, Talla SM, Stiker, Bolsa;activo
23333;Body Samy Crema LXL;F;Body Samy;Gafete Crema, Prelavado Polilycra, Prelavado Taller, Talla LXL, Stiker, Bolsa;activo
23341;Body Samy Blanco SM;F;Body Samy;Gafete Blanco, Prelavado Polilycra, Prelavado Taller, Talla SM, Stiker, Bolsa;activo
25521;Body Sisa Cafe SM;F;Body Sisa;Gafete Cafe, Prelavado Polilycra, Prelavado Taller, Talla SM, Stiker, Bolsa;activo
25513;Body Sisa Rojo LXL;F;Body Sisa;Gafete Verde Rojo, Prelavado Polilycra, Prelavado Taller, Talla LXL, Stiker, Bolsa;activo
25511;Body Sisa Rojo SM;F;Body Sisa;Gafete Verde Rojo, Prelavado Polilycra, Prelavado Taller, Talla SM, Stiker, Bolsa;activo
25503;Body Sisa Agua Marina LXL;F;Body Sisa;Gafete Agua Marina, Prelavado Polilycra, Prelavado Taller, Talla LXL, Stiker, Bolsa;activo
25501;Body Sisa Agua Marina SM;F;Body Sisa;Gafete Agua Marina, Prelavado Polilycra, Prelavado Taller, Talla SM, Stiker, Bolsa;activo
25493;Body Sisa Verde Cali LXL;F;Body Sisa;Gafete Verde Cali, Prelavado Polilycra, Prelavado Taller, Talla LXL, Stiker, Bolsa;activo
25491;Body Sisa Verde Cali SM;F;Body Sisa;Gafete Verde Cali, Prelavado Polilycra, Prelavado Taller, Talla SM, Stiker, Bolsa;activo
24243;Body Sisa Verde MilItar LXL;F;Body Sisa;Gafete Verde Militar, Prelavado Polilycra, Prelavado Taller, Talla LXL, Stiker, Bolsa;activo
24241;Body Sisa Verde MilItar SM;F;Body Sisa;Gafete Verde Militar, Prelavado Polilycra, Prelavado Taller, Talla SM, Stiker, Bolsa;activo
24233;Body Sisa Durazno LXL;F;Body Sisa;Gafete Durazno, Prelavado Polilycra, Prelavado Taller, Talla LXL, Stiker, Bolsa;activo
24231;Body Sisa Durazno SM;F;Body Sisa;Gafete Durazno, Prelavado Polilycra, Prelavado Taller, Talla SM, Stiker, Bolsa;activo
24223;Body Sisa Azul Bebe LXL;F;Body Sisa;Gafete Bebe, Prelavado Polilycra, Prelavado Taller, Talla LXL, Stiker, Bolsa;activo
24221;Body Sisa Azul Bebe SM;F;Body Sisa;Gafete Bebe, Prelavado Polilycra, Prelavado Taller, Talla SM, Stiker, Bolsa;activo
24213;Body Sisa Terracota LXL;F;Body Sisa;Gafete Terracota Prelavado Polilycra, Prelavado Taller, Talla LXL, Stiker, Bolsa;activo
24211;Body Sisa Terracota SM;F;Body Sisa;Gafete Vinotinto, Prelavado Polilycra, Prelavado Taller, Talla SM, Stiker, Bolsa;activo
22683;Body Sisa Camel LXL;F;Body Sisa;Gafete Camel, Prelavado Polilycra, Prelavado Taller, Talla LXL, Stiker, Bolsa;activo
22681;Body Sisa Camel SM;F;Body Sisa;Gafete Camel, Prelavado Polilycra, Prelavado Taller, Talla SM, Stiker, Bolsa;activo
17203;Body Sisa Azul Oscuro LXL;F;Body Sisa;Gafete Azul Oscuro, Prelavado Polilycra, Prelavado Taller, Talla LXL, Stiker, Bolsa;activo
17201;Body Sisa Azul Oscuro SM;F;Body Sisa;Gafete Azul Oscuro, Prelavado Polilycra, Prelavado Taller, Talla SM, Stiker, Bolsa;activo
17163;Body Sisa Fucsia LXL;F;Body Sisa;Gafete Fucsia, Prelavado Polilycra, Prelavado Taller, Talla LXL, Stiker, Bolsa;activo
17161;Body Sisa Fucsia SM;F;Body Sisa;Gafete Fucsia, Prelavado Polilycra, Prelavado Taller, Talla SM, Stiker, Bolsa;activo
17153;Body Sisa Crema LXL;F;Body Sisa;Gafete Crema, Prelavado Polilycra, Prelavado Taller, Talla LXL, Stiker, Bolsa;activo
17151;Body Sisa Crema SM;F;Body Sisa;Gafete Crema, Prelavado Polilycra, Prelavado Taller, Talla, SM, Stiker, Bolsa;activo
17143;Body Sisa Negro LXL;F;Body Sisa;Gafete Negro, Prelavado Polilycra, Prelavado Taller, Talla LXL, Stiker, Bolsa;activo
17141;Body Sisa Negro SM;F;Body Sisa;Gafete Negro, Prelavado Polilycra, Prelavado Taller, Talla SM, Stiker, Bolsa;activo
17133;Body Sisa Blanco LXL;F;Body Sisa;Gafete Blanco, Prelavado Polilycra, Prelavado Taller, Talla LXL, Stiker, Bolsa;activo
17131;Body Sisa Blanco SM;F;Body Sisa;Gafete Blanco, Prelavado Polilycra, Prelavado Taller, Talla SM, Stiker, Bolsa;activo
29193;Body Sisa Amarillo LXL;F;Body Sisa;Gafete Amarillo, Prelavado Polilycra, Prelavado Taller, Talla LXL, Stiker, Bolsa;activo
29191;Body Sisa Amarillo SM;F;Body Sisa;Gafete Amarillo, Prelavado Polilycra, Prelavado Taller, Talla SM, Stiker, Bolsa;activo
28073;Body Sisa Gris LXL;F;Body Sisa;Gafete Gris, Prelavado Polilycra, Prelavado Taller, Talla LXL, Stiker, Bolsa;activo
28071;Body Sisa Gris SM;F;Body Sisa;Gafete Gris, Prelavado Polilycra, Prelavado Taller, Talla SM, Stiker, Bolsa;activo
28053;Body Sisa Lila LXL;F;Body Sisa;Gafete Lila, Prelavado Polilycra, Prelavado Taller, Talla LXL, Stiker, Bolsa;activo
28051;Body Sisa Lila SM;F;Body Sisa;Gafete Lila, Prelavado Polilycra, Prelavado Taller, Talla  SM, Stiker, Bolsa;activo
27243;Body Sisa Vinotinto LXL;F;Body Sisa;Gafete Vinotinto, Prelavado Polilycra, Prelavado Taller, Talla LXL, Stiker, Bolsa;activo
27241;Body Sisa Vinotinto SM;F;Body Sisa;Gafete Vinotinto, Prelavado Polilycra, Prelavado Taller, Talla SM, Stiker, Bolsa;activo
27233;Body Sisa Verde Oliva LXL;F;Body Sisa;Gafete Verde Lima, Prelavado Polilycra, Prelavado Taller, Talla LXL, Stiker, Bolsa;activo
27231;Body Sisa Verde Oliva SM;F;Body Sisa;Gafete Verde Lima, Prelavado Polilycra, Prelavado Taller, Talla SM, Stiker, Bolsa;activo
25523;Body Sisa Cafe LXL;F;Body Sisa;Gafete Cafe, Prelavado Polilycra, Prelavado Taller, Talla LXL, Stiker, Bolsa;activo
25361;Body Sol Durazno SM;F;Body Sol;Gafete Durazno, Prelavado Polilycra, Prelavado Taller, Talla SM, Stiker, Bolsa;activo
25363;Body Sol Durazno LXL;F;Body Sol;Gafete Durazno, Prelavado Polilycra, Prelavado Taller, Talla LXL, Stiker, Bolsa;activo
25371;Body Sol Verde Militar SM;F;Body Sol;Gafete Verde Militar, Prelavado Polilycra, Prelavado Taller, Talla SM, Stiker, Bolsa;activo
25373;Body Sol Verde Militar LXL;F;Body Sol;Gafete Verde Militar, Prelavado Polilycra, Prelavado Taller, Talla LXL, Stiker, Bolsa;activo
25381;Body Sol Camel SM;F;Body Sol;Gafete Cafe, Prelavado Polilycra, Prelavado Taller, Talla SM, Stiker, Bolsa;activo
25383;Body Sol Camel LXL;F;Body Sol;Gafete Cafe, Prelavado Polilycra, Prelavado Taller, Talla LXL, Stiker, Bolsa;activo
25391;Body Sol Azul Oscuro SM;F;Body Sol;Gafete Azul Oscuro, Prelavado Polilycra, Prelavado Taller, Talla SM, Stiker, Bolsa;activo
25393;Body Sol Azul Oscuro LXL;F;Body Sol;Gafete Azul Oscuro, Prelavado Polilycra, Prelavado Taller, Talla LXL, Stiker, Bolsa;activo
25401;Body Sol Gris SM;F;Body Sol;Gafete Gris, Prelavado Polilycra, Prelavado Taller, Talla SM, Stiker, Bolsa;activo
25403;Body Sol Gris LXL;F;Body Sol;Gafete Gris, Prelavado Polilycra, Prelavado Taller, Talla LXL, Stiker, Bolsa;activo
25411;Body Sol Camel SM;F;Body Sol;Gafete Camel, Prelavado Polilycra, Prelavado Taller, Talla SM, Stiker, Bolsa;activo
25413;Body Sol Camel LXL;F;Body Sol;Gafete Camel, Prelavado Polilycra, Prelavado Taller, Talla LXL, Stiker, Bolsa;activo
27661;Body Sol Rojo SM;F;Body Sol;Gafete Verde Rojo, Prelavado Polilycra, Prelavado Taller, Talla SM, Stiker, Bolsa;activo
27663;Body Sol Rojo LXL;F;Body Sol;Gafete Verde Rojo, Prelavado Polilycra, Prelavado Taller, Talla LXL, Stiker, Bolsa;activo
25331;Body Sol Negro SM;F;Body Sol;Gafete Negro, Prelavado Polilycra, Prelavado Taller, Talla SM, Stiker, Bolsa;activo
25333;Body Sol Negro LXL;F;Body Sol;Gafete Negro, Prelavado Polilycra, Prelavado Taller, Talla LXL, Stiker, Bolsa;activo
25341;Body Sol Crema SM;F;Body Sol;Gafete Crema, Prelavado Polilycra, Prelavado Taller, Talla SM, Stiker, Bolsa;activo
25343;Body Sol Crema LXL;F;Body Sol;Gafete Crema, Prelavado Polilycra, Prelavado Taller, Talla LXL, Stiker, Bolsa;activo
25351;Body Sol Blanco SM;F;Body Sol;Gafete Blanco, Prelavado Polilycra, Prelavado Taller, Talla SM, Stiker, Bolsa;activo
25353;Body Sol Blanco LXL;F;Body Sol;Gafete Blanco, Prelavado Polilycra, Prelavado Taller, Talla LXL, Stiker, Bolsa;activo
2448;Body Surtido;F;Body Surtido;Prelavado Polilycra, Prelavado Taller, Talla SM, Stiker, Bolsa;activo
29533;Body Taty Blanco LXL;F;Body Taty;Gafete Blanco, Prelavado Polilycra, Prelavado Taller, Talla LXL, Stiker, Bolsa, Caucho;activo
29603;Body Taty Camel LXL;F;Body Taty;Gafete Camel, Prelavado Polilycra, Prelavado Taller, Talla LXL, Stiker, Bolsa, Caucho;activo
29601;Body Taty Camel SM;F;Body Taty;Gafete Camel, Prelavado Polilycra, Prelavado Taller, Talla SM, Stiker, Bolsa, Caucho;activo
29593;Body Taty Amarillo LXL;F;Body Taty;Gafete Amarillo, Prelavado Polilycra, Prelavado Taller, Talla LXL, Stiker, Bolsa, Caucho;activo
29591;Body Taty Amarillo SM;F;Body Taty;Gafete Amarillo, Prelavado Polilycra, Prelavado Taller, Talla SM, Stiker, Bolsa, Caucho;activo
29583;Body Taty Camel LXL;F;Body Taty;Gafete Cafe, Prelavado Polilycra, Prelavado Taller, Talla LXL, Stiker, Bolsa, Caucho;activo
29581;Body Taty Camel SM;F;Body Taty;Gafete Cafe, Prelavado Polilycra, Prelavado Taller, Talla SM, Stiker, Bolsa, Caucho;activo
29573;Body Taty Verde Oliva LXL;F;Body Taty;Gafete Cafe, Prelavado Polilycra, Prelavado Taller, Talla SM, Stiker, Bolsa, Caucho;activo
29571;Body Taty Verde Oliva SM;F;Body Taty;Gafete Verde Lima, Prelavado Polilycra, Prelavado Taller, Talla SM, Stiker, Bolsa, Caucho;activo
29563;Body Taty Azul Oscuro LXL;F;Body Taty;Gafete Azul Oscuro, Prelavado Polilycra, Prelavado Taller, Talla LXL, Stiker, Bolsa, Caucho;activo
29561;Body Taty Azul Oscuro SM;F;Body Taty;Gafete Azul Oscuro, Prelavado Polilycra, Prelavado Taller, Talla SM, Stiker, Bolsa, Caucho;activo
29553;Body Taty Vinotinto LXL;F;Body Taty;Gafete Vinotinto, Prelavado Polilycra, Prelavado Taller, Talla LXL, Stiker, Bolsa, Caucho;activo
29551;Body Taty Vinotinto SM;F;Body Taty;Gafete Vinotinto, Prelavado Polilycra, Prelavado Taller, Talla SM, Stiker, Bolsa, Caucho;activo
29543;Body Taty Terracota LXL;F;Body Taty;Gafete Vinotinto, Prelavado Polilycra, Prelavado Taller, Talla LXL, Stiker, Bolsa, Caucho;activo
29541;Body Taty Terracota SM;F;Body Taty;Gafete Vinotinto, Prelavado Polilycra, Prelavado Taller, Talla SM, Stiker, Bolsa, Caucho;activo
29531;Body Taty Blanco SM;F;Body Taty;Gafete Blanco, Prelavado Polilycra, Prelavado Taller, Talla SM, Stiker, Bolsa, Caucho;activo
29523;Body Taty Crema LXL;F;Body Taty;Gafete Crema, Prelavado Polilycra, Prelavado Taller, Talla LXL, Stiker, Bolsa, Caucho ;activo
29521;Body Taty Crema SM;F;Body Taty;Gafete Crema, Prelavado Polilycra, Prelavado Taller, Talla SM, Stiker, Bolsa, Caucho;activo
29511;Body Taty Negro SM;F;Body Taty;Gafete Negro, Prelavado Polilycra, Prelavado Taller, Talla SM, Stiker, Bolsa, Caucho;activo
29513;Body Taty Negro LXL;F;Body Taty;Gafete Negro, Prelavado Polilycra, Prelavado Taller, Talla LXL, Stiker, Bolsa, Caucho;activo
23953;Body Tina Azul Oscuro LXL;F;Body Tina;Gafete Azul Oscuro, Prelavado Polilycra, Prelavado Taller, Talla LXL, Stiker, Bolsa;activo
23951;Body Tina Azul Oscuro SM;F;Body Tina;Gafete Azul Oscuro, Prelavado Polilycra, Prelavado Taller, Talla SM, Stiker, Bolsa;activo
23443;Body Tina Cafe LXL;F;Body Tina;Gafete Cafe, Prelavado Polilycra, Prelavado Taller, Talla LXL, Stiker, Bolsa;activo
23441;Body Tina Cafe SM;F;Body Tina;Gafete Cafe, Prelavado Polilycra, Prelavado Taller, Talla SM, Stiker, Bolsa;activo
23433;Body Tina Verde Militar LXL;F;Body Tina;Gafete Verde Militar, Prelavado Polilycra, Prelavado Taller, Talla LXL, Stiker, Bolsa;activo
23431;Body Tina Verde Militar SM;F;Body Tina;Gafete Verde Militar, Prelavado Polilycra, Prelavado Taller, Talla SM, Stiker, Bolsa;activo
23423;Body Tina Rojo LXL;F;Body Tina;Gafete Verde Rojo, Prelavado Polilycra, Prelavado Taller, Talla LXL, Stiker, Bolsa;activo
23421;Body Tina Rojo SM;F;Body Tina;Gafete Verde Rojo, Prelavado Polilycra, Prelavado Taller, Talla SM, Stiker, Bolsa;activo
23413;Body Tina Blanco LXL;F;Body Tina;Gafete Blanco, Prelavado Polilycra, Prelavado Taller, Talla LXL, Stiker, Bolsa;activo
23411;Body Tina Blanco SM;F;Body Tina;Gafete Blanco, Prelavado Polilycra, Prelavado Taller, Talla SM, Stiker, Bolsa;activo
23403;Body Tina Crema LXL;F;Body Tina;Gafete Crema, Prelavado Polilycra, Prelavado Taller, Talla LXL, Stiker, Bolsa;activo
23401;Body Tina Crema SM;F;Body Tina;Gafete Crema, Prelavado Polilycra, Prelavado Taller, Talla SM, Stiker, Bolsa;activo
23393;Body Tina Negro LXL;F;Body Tina;Gafete Negro, Prelavado Polilycra, Prelavado Taller, Talla LXL, Stiker, Bolsa;activo
23391;Body Tina Negro SM;F;Body Tina;Gafete Negro, Prelavado Polilycra, Prelavado Taller, Talla SM, Stiker, Bolsa;activo
29643;Body Una Manga Verde Lima LXL;F;Body Una Manga;Gafete Verde Lima, Prelavado Polilycra, Prelavado Taller, Talla LXL, Stiker, Bolsa;activo
29641;Body Una Manga Verde Lima SM;F;Body Una Manga;Gafete Verde Lima, Prelavado Polilycra, Prelavado Taller, Talla SM, Stiker, Bolsa;activo
29633;Body Una Manga Palo Rosa LXL;F;Body Una Manga;Gafete Palo Rosa, Prelavado Polilycra, Prelavado Taller, Talla LXL, Stiker, Bolsa;activo
29631;Body Una Manga Palo Rosa SM;F;Body Una Manga;Gafete Palo Rosa, Prelavado Polilycra, Prelavado Taller, Talla SM, Stiker, Bolsa;activo
29153;Body Una Manga Azul Oscuro LXL;F;Body Una Manga;Gafete Azul Oscuro, Prelavado Polilycra, Prelavado Taller, Talla LXL, Stiker, Bolsa;activo
29151;Body Una Manga Azul Oscuro SM;F;Body Una Manga;Gafete Azul Oscuro, Prelavado Polilycra, Prelavado Taller, Talla SM, Stiker, Bolsa;activo
28673;Body Una Manga Lila LXL;F;Body Una Manga;Gafete Lila, Prelavado Polilycra, Prelavado Taller, Talla LXL, Stiker, Bolsa;activo
28671;Body Una Manga Lila SM;F;Body Una Manga;Gafete Lila, Prelavado Polilycra, Prelavado Taller, Talla  SM, Stiker, Bolsa;activo
28663;Body Una Manga Gris LXL;F;Body Una Manga;Gafete Gris, Prelavado Polilycra, Prelavado Taller, Talla LXL, Stiker, Bolsa;activo
28661;Body Una Manga Gris SM;F;Body Una Manga;Gafete Gris, Prelavado Polilycra, Prelavado Taller, Talla SM, Stiker, Bolsa;activo
28653;Body Una Manga Camel LXL;F;Body Una Manga;Gafete Cafe, Prelavado Polilycra, Prelavado Taller, Talla LXL, Stiker, Bolsa;activo
28651;Body Una Manga Camel SM;F;Body Una Manga;Gafete Cafe, Prelavado Polilycra, Prelavado Taller, Talla SM, Stiker, Bolsa;activo
28643;Body Una Manga Durazno LXL;F;Body Una Manga;Gafete Durazno, Prelavado Polilycra, Prelavado Taller, Talla LXL, Stiker, Bolsa;activo
28641;Body Una Manga Durazno SM;F;Body Una Manga;Gafete Durazno, Prelavado Polilycra, Prelavado Taller, Talla SM, Stiker, Bolsa;activo
28633;Body Una Manga Camel LXL;F;Body Una Manga;Gafete Camel, Prelavado Polilycra, Prelavado Taller, Talla LXL, Stiker, Bolsa;activo
28631;Body Una Manga Camel SM;F;Body Una Manga;Gafete Camel, Prelavado Polilycra, Prelavado Taller, Talla SM, Stiker, Bolsa;activo
28623;Body Una Manga Verde Rojo LXL;F;Body Una Manga;Gafete Verde Rojo, Prelavado Polilycra, Prelavado Taller, Talla LXL, Stiker, Bolsa;activo
28621;Body Una Manga Rojo SM;F;Body Una Manga;Gafete Verde Rojo, Prelavado Polilycra, Prelavado Taller, Talla SM, Stiker, Bolsa;activo
28613;Body Una Manga Verde Militar LXL;F;Body Una Manga;Gafete Verde Militar, Prelavado Polilycra, Prelavado Taller, Talla LXL, Stiker, Bolsa;activo
28611;Body Una Manga Verde Militar SM;F;Body Una Manga;Gafete Verde Militar, Prelavado Polilycra, Prelavado Taller, Talla SM, Stiker, Bolsa;activo
28603;Body Una Manga Verde Oliva LXL;F;Body Una Manga;Gafete Verde Lima, Prelavado Polilycra, Prelavado Taller, Talla LXL, Stiker, Bolsa;activo
28601;Body Una Manga Verde Oliva SM;F;Body Una Manga;Gafete Verde Lima, Prelavado Polilycra, Prelavado Taller, Talla SM, Stiker, Bolsa;activo
28593;Body Una Manga Azul Bebe LXL;F;Body Una Manga;Gafete Bebe, Prelavado Polilycra, Prelavado Taller, Talla LXL, Stiker, Bolsa;activo
28591;Body Una Manga Azul Bebe SM;F;Body Una Manga;Gafete Bebe, Prelavado Polilycra, Prelavado Taller, Talla SM, Stiker, Bolsa;activo
28581;Body Una Manga Vinotinto SM;F;Body Una Manga;Gafete Vinotinto, Prelavado Polilycra, Prelavado Taller, Talla SM, Stiker, Bolsa;activo
28573;Body Una Manga Terracota LXL;F;Body Una Manga;Gafete Terracota Prelavado Polilycra, Prelavado Taller, Talla LXL, Stiker, Bolsa;activo
28571;Body Una Manga Terracota SM;F;Body Una Manga;Gafete Vinotinto, Prelavado Polilycra, Prelavado Taller, Talla SM, Stiker, Bolsa;activo
28563;Body Una Manga Blanco LXL;F;Body Una Manga;Gafete Blanco, Prelavado Polilycra, Prelavado Taller, Talla LXL, Stiker, Bolsa;activo
28561;Body Una Manga Blanco SM;F;Body Una Manga;Gafete Blanco, Prelavado Polilycra, Prelavado Taller, Talla SM, Stiker, Bolsa;activo
28553;Body Una Manga Crema LXL;F;Body Una Manga;Gafete Crema, Prelavado Polilycra, Prelavado Taller, Talla LXL, Stiker, Bolsa;activo
28551;Body Una Manga Crema SM;F;Body Una Manga;Gafete Crema, Prelavado Polilycra, Prelavado Taller, Talla SM, Stiker, Bolsa;activo
28543;Body Una Manga Negro LXL;F;Body Una Manga;Gafete Negro, Prelavado Polilycra, Prelavado Taller, Talla LXL, Stiker, Bolsa;activo
28541;Body Una Manga Negro SM;F;Body Una Manga;Gafete Negro, Prelavado Polilycra, Prelavado Taller, Talla SM, Stiker, Bolsa;activo
28593;Body Una Manga Azul Bebe LXL;F;Body Una Manga;Gafete Azul Bebe, Prelavado Polilycra, Prelavado Taller, Talla LXL, Stiker, Bolsa;activo
28591;Body Una Manga Azul Bebe SM;F;Body Una Manga;Gafete Azul Bebe, Prelavado Polilycra, Prelavado Taller, Talla SM, Stiker, Bolsa;activo
29153;Body Una Manga Azul Oscuro LXL;F;Body Una Manga;Gafete Azul Oscuro, Prelavado Polilycra, Prelavado Taller, Talla LXL, Stiker, Bolsa;activo
29151;Body Una Manga Azul Oscuro SM;F;Body Una Manga;Gafete Azul Oscuro, Prelavado Polilycra, Prelavado Taller, Talla SM, Stiker, Bolsa;activo
28563;Body Una Manga Blanco LXL;F;Body Una Manga;Gafete Blanco, Prelavado Polilycra, Prelavado Taller, Talla LXL, Stiker, Bolsa;activo
28561;Body Una Manga Blanco SM;F;Body Una Manga;Gafete Blanco, Prelavado Polilycra, Prelavado Taller, Talla SM, Stiker, Bolsa;activo
28653;Body Una Manga Café LXL;F;Body Una Manga;Gafete Cafe, Prelavado Polilycra, Prelavado Taller, Talla LXL, Stiker, Bolsa;activo
28651;Body Una Manga Café SM;F;Body Una Manga;Gafete Cafe, Prelavado Polilycra, Prelavado Taller, Talla SM, Stiker, Bolsa;activo
28633;Body Una Manga Camel LXL;F;Body Una Manga;Gafete Camel, Prelavado Polilycra, Prelavado Taller, Talla LXL, Stiker, Bolsa;activo
28631;Body Una Manga Camel SM;F;Body Una Manga;Gafete Camel, Prelavado Polilycra, Prelavado Taller, Talla SM, Stiker, Bolsa;activo
28553;Body Una Manga Crema LXL;F;Body Una Manga;Gafete Crema, Prelavado Polilycra, Prelavado Taller, Talla LXL, Stiker, Bolsa;activo
28551;Body Una Manga Crema SM;F;Body Una Manga;Gafete Crema, Prelavado Polilycra, Prelavado Taller, Talla SM, Stiker, Bolsa;activo
28643;Body Una Manga Durazno LXL;F;Body Una Manga;Gafete Durazno, Prelavado Polilycra, Prelavado Taller, Talla LXL, Stiker, Bolsa;activo
28641;Body Una Manga Durazno SM;F;Body Una Manga;Gafete Durazno, Prelavado Polilycra, Prelavado Taller, Talla SM, Stiker, Bolsa;activo
28663;Body Una Manga Gris LXL;F;Body Una Manga;Gafete Gris, Prelavado Polilycra, Prelavado Taller, Talla LXL, Stiker, Bolsa;activo
28661;Body Una Manga Gris SM;F;Body Una Manga;Gafete Gris, Prelavado Polilycra, Prelavado Taller, Talla SM, Stiker, Bolsa;activo
28673;Body Una Manga Lila LXL;F;Body Una Manga;Gafete Lila, Prelavado Polilycra, Prelavado Taller, Talla LXL, Stiker, Bolsa;activo
28671;Body Una Manga Lila SM;F;Body Una Manga;Gafete Lila, Prelavado Polilycra, Prelavado Taller, Talla SM, Stiker, Bolsa;activo
28543;Body Una Manga Negro LXL;F;Body Una Manga;Gafete Negro, Prelavado Polilycra, Prelavado Taller, Talla LXL, Stiker, Bolsa;activo
28541;Body Una Manga Negro SM;F;Body Una Manga;Gafete Negro, Prelavado Polilycra, Prelavado Taller, Talla SM, Stiker, Bolsa;activo
29633;Body Una Manga Palo Rosa LXL;F;Body Una Manga;Gafete Palo Rosa, Prelavado Polilycra, Prelavado Taller, Talla LXL, Stiker, Bolsa;activo
29631;Body Una Manga Palo Rosa SM;F;Body Una Manga;Gafete Palo Rosa, Prelavado Polilycra, Prelavado Taller, Talla SM, Stiker, Bolsa;activo
28621;Body Una Manga Rojo SM;F;Body Una Manga;Gafete Rojo, Prelavado Polilycra, Prelavado Taller, Talla SM, Stiker, Bolsa;activo
28573;Body Una Manga Terracota LXL;F;Body Una Manga;Gafete Terracota, Prelavado Polilycra, Prelavado Taller, Talla LXL, Stiker, Bolsa;activo
28571;Body Una Manga Terracota SM;F;Body Una Manga;Gafete Terracota, Prelavado Polilycra, Prelavado Taller, Talla SM, Stiker, Bolsa;activo
29643;Body Una Manga Verde Lima LXL;F;Body Una Manga;Gafete Verde Lima, Prelavado Polilycra, Prelavado Taller, Talla LXL, Stiker, Bolsa;activo
29641;Body Una Manga Verde Lima SM;F;Body Una Manga;Gafete Verde Lima, Prelavado Polilycra, Prelavado Taller, Talla SM, Stiker, Bolsa;activo
28613;Body Una Manga Verde Militar LXL;F;Body Una Manga;Gafete Verde Militar, Prelavado Polilycra, Prelavado Taller, Talla LXL, Stiker, Bolsa;activo
28611;Body Una Manga Verde Militar SM;F;Body Una Manga;Gafete Verde Militar, Prelavado Polilycra, Prelavado Taller, Talla SM, Stiker, Bolsa;activo
28603;Body Una Manga Verde Oliva LXL;F;Body Una Manga;Gafete Verde Oliva, Prelavado Polilycra, Prelavado Taller, Talla LXL, Stiker, Bolsa;activo
28601;Body Una Manga Verde Oliva SM;F;Body Una Manga;Gafete Verde Oliva, Prelavado Polilycra, Prelavado Taller, Talla SM, Stiker, Bolsa;activo
28623;Body Una Manga Verde Rojo LXL;F;Body Una Manga;Gafete Rojo, Prelavado Polilycra, Prelavado Taller, Talla LXL, Stiker, Bolsa;activo
28581;Body Una Manga Vinotinto SM;F;Body Una Manga;Gafete Vinotitno, Prelavado Polilycra, Prelavado Taller, Talla SM, Stiker, Bolsa;activo
2034;Buzo Perchado;F;Buzos;Cordon, Ojalete;activo
10;Tapaboca Corporativo;F;DOTACION;Cahcucho, DTF;activo
80000;Tela Rib Khanal Camel;I;Insumos;Tela Rib Khanal Camel;activo
10138;Tela Rib Khanal Gris 10138;I;Insumos;Tela Rib Khanal Gris 10138;activo
0197;Tela Rib Khanal Marfil;I;Insumos;Tela Rib Khanal Marfil;activo
00010;Tela Rib Khanal Negro - 10;I;Insumos;Tela Rib Khanal Negro - 10;activo
5565;Tela Rib Quarzo Azul Bebe;I;Insumos;Tela Rib Quarzo Azul Bebe;activo
80419;Tela Rib Quarzo Cafe;I;Insumos;Tela Rib Quarzo Cafe;activo
78250;Tela Rib Quarzo Camel;I;Insumos;Tela Rib Quarzo Camel;activo
92150;Tela Rib Quarzo Gris;I;Insumos;Tela Rib Quarzo Gris;activo
4273;Tela Rib Quarzo Lila;I;Insumos;Tela Rib Quarzo Lila;activo
197;Tela Rib Quarzo Marfil;I;Insumos;Tela Rib Quarzo Marfil;activo
010;Tela Rib Quarzo Negro;I;Insumos;Tela Rib Quarzo Negro;activo
3847;Tela Rib Quarzo Rojo;I;Insumos;Tela Rib Quarzo Rojo;activo
20209;Tela Rib Quarzo Rosa;I;Insumos;Tela Rib Quarzo Rosa;activo
6832;Tela Rib Quarzo Verde Cali;I;Insumos;Tela Rib Quarzo Verde Cali;activo
60859;Tela Rib Quarzo Verde Manzana;I;Insumos;Tela Rib Quarzo Verde Manzana;activo
61149;Tela Rib Quarzo Verde Militar;I;Insumos;Tela Rib Quarzo Verde Militar;activo
74156;Tela Rib Quarzo Vinotinto;I;Insumos;Tela Rib Quarzo Vinotinto;activo
010104;Tela Rib Ribaldry Blanco;I;Insumos;Tela Rib Ribaldry Blanco;activo
92099;Tela Rib Ribaldry Gris;I;Insumos;Tela Rib Ribaldry Gris;activo
000010;Tela Rib Ribaldry Negro;I;Insumos;Tela Rib Ribaldry Negro;activo
50768;Tela Rib Ribaldry Verde Oliva;I;Insumos;Tela Rib Ribaldry Verde Oliva;activo
28220;Top Recto Corto Verde Oliva U;F;NO USAR Top Recto Corto;Prelavado Polilycra, Prelavado Taller, Talla U, Stiker, Bolsa;activo
28210;Top Recto Corto Vinotinto U;F;NO USAR Top Recto Corto;Prelavado Polilycra, Prelavado Taller, Talla U, Stiker, Bolsa;activo
28200;Top Recto Corto Camel u;F;NO USAR Top Recto Corto;Prelavado Polilycra, Prelavado Taller, Talla U, Stiker, Bolsa;activo
23410;Top Recto Corto Gris U;F;NO USAR Top Recto Corto;Prelavado Polilycra, Prelavado Taller, Talla U, Stiker, Bolsa;activo
22600;Top Recto Corto Azul U;F;NO USAR Top Recto Corto;Prelavado Polilycra, Prelavado Taller, Talla U, Stiker, Bolsa;activo
28230;Top Recto Corto Camel U;F;NO USAR Top Recto Corto;Prelavado Polilycra, Prelavado Taller, Talla U, Stiker, Bolsa;activo
2121;Top Recto Corto Azul Rey U;F;NO USAR Top Recto Corto;Prelavado Polilycra, Prelavado Taller, Talla U, Stiker, Bolsa;activo
21200;Top Recto Corto Amarillo Pastel U;F;NO USAR Top Recto Corto;Prelavado Polilycra, Prelavado Taller, Talla U, Stiker, Bolsa;activo
2120;Top Recto Corto Amarillo Pastel U;F;NO USAR Top Recto Corto;Prelavado Polilycra, Prelavado Taller, Talla U, Stiker, Bolsa;activo
21180;Top Recto Corto Purpura U;F;NO USAR Top Recto Corto;Prelavado Polilycra, Prelavado Taller, Talla U, Stiker, Bolsa;activo
2118;Top Recto Corto Purpura U;F;NO USAR Top Recto Corto;Prelavado Polilycra, Prelavado Taller, Talla U, Stiker, Bolsa;activo
21170;Top Recto Corto Capuchino U;F;NO USAR Top Recto Corto;Prelavado Polilycra, Prelavado Taller, Talla U, Stiker, Bolsa;activo
2117;Top Recto Corto Capuchino U;F;NO USAR Top Recto Corto;Prelavado Polilycra, Prelavado Taller, Talla U, Stiker, Bolsa;activo
20170;Top Recto Corto Azul Petroleo U;F;NO USAR Top Recto Corto;Prelavado Polilycra, Prelavado Taller, Talla U, Stiker, Bolsa;activo
2017;Top Recto Corto Azul Petroleo U;F;NO USAR Top Recto Corto;Prelavado Polilycra, Prelavado Taller, Talla U, Stiker, Bolsa;activo
19640;Top Recto Corto Verde Cali U;F;NO USAR Top Recto Corto;Prelavado Polilycra, Prelavado Taller, Talla U, Stiker, Bolsa;activo
18690;Top Recto Corto Azul Bebe U;F;NO USAR Top Recto Corto;Prelavado Polilycra, Prelavado Taller, Talla U, Stiker, Bolsa;activo
17400;Top Recto Corto Fucsia U;F;NO USAR Top Recto Corto;Prelavado Polilycra, Prelavado Taller, Talla U, Stiker, Bolsa;activo
1740;Top Recto Corto Fucsia U;F;NO USAR Top Recto Corto;Prelavado Polilycra, Prelavado Taller, Talla U, Stiker, Bolsa;activo
16430;Top Recto Corto Lila U;F;NO USAR Top Recto Corto;Prelavado Polilycra, Prelavado Taller, Talla U, Stiker, Bolsa;activo
16410;Top Recto Corto Naranja U;F;NO USAR Top Recto Corto;Prelavado Polilycra, Prelavado Taller, Talla U, Stiker, Bolsa;activo
1641;Top Recto Corto Naranja U;F;NO USAR Top Recto Corto;Prelavado Polilycra, Prelavado Taller, Talla U, Stiker, Bolsa;activo
16400;Top Recto Corto Negro U;F;NO USAR Top Recto Corto;Prelavado Polilycra, Prelavado Taller, Talla U, Stiker, Bolsa;activo
16360;Top Recto Corto Crema U;F;NO USAR Top Recto Corto;Prelavado Polilycra, Prelavado Taller, Talla U, Stiker, Bolsa;activo
16340;Top Recto Corto Blanco U;F;NO USAR Top Recto Corto;Prelavado Polilycra, Prelavado Taller, Talla U, Stiker, Bolsa;activo
22540;Top Recto Corto Terracota U;F;NO USAR Top Recto Corto;Prelavado Polilycra, Prelavado Taller, Talla U, Stiker, Bolsa;activo
22520;Top Recto Corto Verde Militar U;F;NO USAR Top Recto Corto;Prelavado Polilycra, Prelavado Taller, Talla U, Stiker, Bolsa;activo
2252;Top Recto Corto Verde Militar U;F;NO USAR Top Recto Corto;Prelavado Polilycra, Prelavado Taller, Talla U, Stiker, Bolsa;activo
21230;Top Recto Corto Durazno U;F;NO USAR Top Recto Corto;Prelavado Polilycra, Prelavado Taller, Talla U, Stiker, Bolsa;activo
21220;Top Recto Corto Rojo U;F;NO USAR Top Recto Corto;Prelavado Polilycra, Prelavado Taller, Talla U, Stiker, Bolsa;activo
2122;Top Recto Corto Rojo U;F;NO USAR Top Recto Corto;Prelavado Polilycra, Prelavado Taller, Talla U, Stiker, Bolsa;activo
21210;Top Recto Corto Azul Rey U;F;NO USAR Top Recto Corto;Prelavado Polilycra, Prelavado Taller, Talla U, Stiker, Bolsa;activo
2258;Top Recto Corto Uva U;F;NO USAR Top Recto Corto;Prelavado Polilycra, Prelavado Taller, Talla U, Stiker, Bolsa;activo
22550;Top Recto Corto Mora Leche U;F;NO USAR Top Recto Corto;Prelavado Polilycra, Prelavado Taller, Talla U, Stiker, Bolsa;activo
2255;Top Recto Corto Mora Leche U;F;NO USAR Top Recto Corto;Prelavado Polilycra, Prelavado Taller, Talla U, Stiker, Bolsa;activo
29700;Recto Corto Verde Lima U;F;NO USAR Top Recto Corto;Prelavado Polilycra, Prelavado Taller, Talla U, Stiker, Bolsa;activo
29690;Recto Corto Palo Rosa U;F;NO USAR Top Recto Corto;Prelavado Polilycra, Prelavado Taller, Talla U, Stiker, Bolsa;activo
REF-1001;Scrunchies - Moñas;F;Scrunchies - Moñas;Caucho;activo
27650;Top Alana Durazno U;F;Top Alana;Prelavado Polilycra, Prelavado Taller, Talla U, Stiker, Bolsa;activo
27640;Top Alana Azul Bebe U;F;Top Alana;Prelavado Polilycra, Prelavado Taller, Talla U, Stiker, Bolsa;activo
27630;Top Alana Lila U;F;Top Alana;Prelavado Polilycra, Prelavado Taller, Talla U, Stiker, Bolsa;activo
24460;Top Alana Camel U;F;Top Alana;Prelavado Polilycra, Prelavado Taller, Talla U, Stiker, Bolsa;activo
2446;Top Alana Camel U;F;Top Alana;Prelavado Polilycra, Prelavado Taller, Talla U, Stiker, Bolsa;activo
24330;Top Alana Gris U;F;Top Alana;Prelavado Polilycra, Prelavado Taller, Talla U, Stiker, Bolsa;activo
24320;Top Alana Agua Marina U;F;Top Alana;Prelavado Polilycra, Prelavado Taller, Talla U, Stiker, Bolsa;activo
24310;Top Alana Azul Oscuro U;F;Top Alana;Prelavado Polilycra, Prelavado Taller, Talla U, Stiker, Bolsa;activo
24300;Top Alana Blanco S;F;Top Alana;Prelavado Polilycra, Prelavado Taller, Talla LXL, Stiker, Bolsa;activo
2430;Top Alana Blanco U;F;Top Alana;Prelavado Polilycra, Prelavado Taller, Talla U, Stiker, Bolsa;activo
24290;Top Alana Crema U;F;Top Alana;Prelavado Polilycra, Prelavado Taller, Talla U, Stiker, Bolsa;activo
24280;Top Alana Negro U;F;Top Alana;Prelavado Polilycra, Prelavado Taller, Talla U, Stiker, Bolsa;activo
19920;Top Alana Cafe U;F;Top Alana;Prelavado Polilycra, Prelavado Taller, Talla U, Stiker, Bolsa;activo
28243;Top Atenea Camel LXL;F;Top Atenea;Prelavado Polilycra, Prelavado Taller, Talla LXL, Stiker, Bolsa;activo
28241;Top Atenea Camel SM;F;Top Atenea;Prelavado Polilycra, Prelavado Taller, Talla SM, Stiker, Bolsa;activo
27893;Top Atenea Lila LXL;F;Top Atenea;Prelavado Polilycra, Prelavado Taller, Talla LXL, Stiker, Bolsa;activo
27891;Top Atenea Lila SM;F;Top Atenea;Prelavado Polilycra, Prelavado Taller, Talla SM, Stiker, Bolsa;activo
27883;Top Atenea Gris LXL;F;Top Atenea;Prelavado Polilycra, Prelavado Taller, Talla LXL, Stiker, Bolsa;activo
27881;Top Atenea Gris SM;F;Top Atenea;Prelavado Polilycra, Prelavado Taller, Talla SM, Stiker, Bolsa;activo
27873;Top Atenea Camel LXL;F;Top Atenea;Prelavado Polilycra, Prelavado Taller, Talla LXL, Stiker, Bolsa;activo
27871;Top Atenea Camel SM;F;Top Atenea;Prelavado Polilycra, Prelavado Taller, Talla SM, Stiker, Bolsa;activo
27863;Top Atenea Verde Militar LXL;F;Top Atenea;Prelavado Polilycra, Prelavado Taller, Talla LXL, Stiker, Bolsa;activo
27861;Top Atenea Verde Militar SM;F;Top Atenea;Prelavado Polilycra, Prelavado Taller, Talla SM, Stiker, Bolsa;activo
27853;Top Atenea Azul Bebe LXL;F;Top Atenea;Prelavado Polilycra, Prelavado Taller, Talla LXL, Stiker, Bolsa;activo
27851;Top Atenea Azul Bebe SM;F;Top Atenea;Prelavado Polilycra, Prelavado Taller, Talla SM, Stiker, Bolsa;activo
27843;Top Atenea Azul Oscuro LXL;F;Top Atenea;Prelavado Polilycra, Prelavado Taller, Talla LXL, Stiker, Bolsa;activo
27841;Top Atenea Azul Oscuro SM;F;Top Atenea;Prelavado Polilycra, Prelavado Taller, Talla SM, Stiker, Bolsa;activo
27833;Top Atenea Vinotinto LXL;F;Top Atenea;Prelavado Polilycra, Prelavado Taller, Talla LXL, Stiker, Bolsa;activo
27831;Top Atenea Vinotinto SM;F;Top Atenea;Prelavado Polilycra, Prelavado Taller, Talla SM, Stiker, Bolsa;activo
27823;Top Atenea Terracota LXL;F;Top Atenea;Prelavado Polilycra, Prelavado Taller, Talla LXL, Stiker, Bolsa;activo
27821;Top Atenea Terracota SM;F;Top Atenea;Prelavado Polilycra, Prelavado Taller, Talla SM, Stiker, Bolsa;activo
27813;Top Atenea Blanco LXL;F;Top Atenea;Prelavado Polilycra, Prelavado Taller, Talla LXL, Stiker, Bolsa;activo
27811;Top Atenea Blanco SM;F;Top Atenea;Prelavado Polilycra, Prelavado Taller, Talla SM, Stiker, Bolsa;activo
27803;Top Atenea Crema LXL;F;Top Atenea;Prelavado Polilycra, Prelavado Taller, Talla LXL, Stiker, Bolsa;activo
27801;Top Atenea Crema SM;F;Top Atenea;Prelavado Polilycra, Prelavado Taller, Talla SM, Stiker, Bolsa;activo
27793;Top Atenea Negro LXL;F;Top Atenea;Prelavado Polilycra, Prelavado Taller, Talla LXL, Stiker, Bolsa;activo
27791;Top Atenea Negro SM;F;Top Atenea;Prelavado Polilycra, Prelavado Taller, Talla SM, Stiker, Bolsa;activo
28520;Top Aven Lila U;F;Top Aven;Prelavado Polilycra, Prelavado Taller, Talla U, Stiker, Bolsa;activo
28150;Top Aven Gris U;F;Top Aven;Prelavado Polilycra, Prelavado Taller, Talla U, Stiker, Bolsa;activo
27270;Top Cuadrado Camel U;F;Top Aven;Prelavado Polilycra, Prelavado Taller, Talla U, Stiker, Bolsa;activo
27120;Top Aven Terracota;F;Top Aven;Prelavado Polilycra, Prelavado Taller, Talla LXL, Stiker, Bolsa;activo
25800;Top Aven Verde Oliva;F;Top Aven;Prelavado Polilycra, Prelavado Taller, Talla LXL, Stiker, Bolsa;activo
25790;Top Aven Camel;F;Top Aven;Prelavado Polilycra, Prelavado Taller, Talla LXL, Stiker, Bolsa;activo
25780;Top Aven Azul Oscuro;F;Top Aven;Prelavado Polilycra, Prelavado Taller, Talla U, Stiker, Bolsa;activo
25130;Top Aven Camel;F;Top Aven;Prelavado Polilycra, Prelavado Taller, Talla LXL, Stiker, Bolsa;activo
25120;Top Aven Verde Cali;F;Top Aven;Prelavado Polilycra, Prelavado Taller, Talla LXL, Stiker, Bolsa;activo
25110;Top Aven Verde Militar;F;Top Aven;Prelavado Polilycra, Prelavado Taller, Talla LXL, Stiker, Bolsa;activo
25100;Top Aven Azul Bebe U;F;Top Aven;Prelavado Polilycra, Prelavado Taller, Talla U, Stiker, Bolsa;activo
24450;Top Aven Durazno U;F;Top Aven;Prelavado Polilycra, Prelavado Taller, Talla U, Stiker, Bolsa;activo
24440;Top Aven Aguamarina U;F;Top Aven;Prelavado Polilycra, Prelavado Taller, Talla U, Stiker, Bolsa;activo
24430;Top Aven Blanco U;F;Top Aven;Prelavado Polilycra, Prelavado Taller, Talla U, Stiker, Bolsa;activo
24420;Top Aven Crema U;F;Top Aven;Prelavado Polilycra, Prelavado Taller, Talla U, Stiker, Bolsa;activo
24410;Top Aven Negro U;F;Top Aven;Prelavado Polilycra, Prelavado Taller, Talla U, Stiker, Bolsa;activo
21420;Top Cuadrado Terracota U;F;Top Aven;Prelavado Polilycra, Prelavado Taller, Talla U, Stiker, Bolsa;activo
28530;Top Aven Rojo SM;F;Top Aven;Prelavado Polilycra, Prelavado Taller, Talla SM, Stiker, Bolsa;activo
28860;Top Aven Amarilo U;F;Top Aven;Prelavado Polilycra, Prelavado Taller, Talla U, Stiker, Bolsa;activo
29710;Top Aven Palo Rosa U;F;Top Aven;Prelavado Polilycra, Prelavado Taller, Talla U, Stiker, Bolsa;activo
29720;Top Aven Verde Lima U;F;Top Aven;Prelavado Polilycra, Prelavado Taller, Talla U, Stiker, Bolsa;activo
28140;Top Aven Vinotinto U;F;Top Aven;Prelavado Polilycra, Prelavado Taller, Talla U, Stiker, Bolsa;activo
REF-0008;Top Baby;F;Top Baby;Prelavado Polilycra, Prelavado Taller, Talla LXL, Stiker, Bolsa, Caucho;activo
29503;Top Baby Camel LXL;F;Top Baby;Prelavado Polilycra, Prelavado Taller, Talla LXL, Stiker, Bolsa, Caucho;activo
29501;Top Baby Camel SM;F;Top Baby;Prelavado Polilycra, Prelavado Taller, Talla SM, Stiker, Bolsa, Caucho;activo
29493;Top Baby Amarillo LXL;F;Top Baby;Prelavado Polilycra, Prelavado Taller, Talla LXL, Stiker, Bolsa, Caucho;activo
29491;Top Baby Amarillo SM;F;Top Baby;Prelavado Polilycra, Prelavado Taller, Talla SM, Stiker, Bolsa, Caucho;activo
29483;Top Baby Camel LXL;F;Top Baby;Prelavado Polilycra, Prelavado Taller, Talla LXL, Stiker, Bolsa, Caucho;activo
29411;Top Baby Negro SM;F;Top Baby;Prelavado Polilycra, Prelavado Taller, Talla SM, Stiker, Bolsa, Caucho;activo
29413;Top Baby Negro LXL;F;Top Baby;Prelavado Polilycra, Prelavado Taller, Talla LXL, Stiker, Bolsa, Caucho;activo
29421;Top Baby Crema SM;F;Top Baby;Prelavado Polilycra, Prelavado Taller, Talla SM, Stiker, Bolsa, Caucho;activo
29423;Top Baby Crema LXL;F;Top Baby;Prelavado Polilycra, Prelavado Taller, Talla LXL, Stiker, Bolsa, Caucho;activo
29431;Top Baby Blanco SM;F;Top Baby;Prelavado Polilycra, Prelavado Taller, Talla SM, Stiker, Bolsa, Caucho;activo
29433;Top Baby Blanco LXL;F;Top Baby;Prelavado Polilycra, Prelavado Taller, Talla LXL, Stiker, Bolsa, Caucho;activo
29441;Top Baby Terracota SM;F;Top Baby;Prelavado Polilycra, Prelavado Taller, Talla SM, Stiker, Bolsa, Caucho;activo
29443;Top Baby Terracota LXL;F;Top Baby;Prelavado Polilycra, Prelavado Taller, Talla LXL, Stiker, Bolsa, Caucho;activo
29451;Top Baby Vinotinto SM;F;Top Baby;Prelavado Polilycra, Prelavado Taller, Talla SM, Stiker, Bolsa, Caucho;activo
29453;Top Baby Vinotinto LXL;F;Top Baby;Prelavado Polilycra, Prelavado Taller, Talla LXL, Stiker, Bolsa, Caucho;activo
29461;Top Baby Azul Oscuro SM;F;Top Baby;Prelavado Polilycra, Prelavado Taller, Talla SM, Stiker, Bolsa, Caucho;activo
29463;Top Baby Azul Oscuro LXL;F;Top Baby;Prelavado Polilycra, Prelavado Taller, Talla LXL, Stiker, Bolsa, Caucho;activo
29471;Top Baby Verde Oliva SM;F;Top Baby;Prelavado Polilycra, Prelavado Taller, Talla SM, Stiker, Bolsa, Caucho;activo
29473;Top Baby Verde Oliva LXL;F;Top Baby;Prelavado Polilycra, Prelavado Taller, Talla LXL, Stiker, Bolsa, Caucho;activo
29481;Top Baby Camel SM;F;Top Baby;Prelavado Polilycra, Prelavado Taller, Talla SM, Stiker, Bolsa, Caucho;activo
REF-0009;Top Balu;F;Top Balu;Prelavado Polilycra, Prelavado Taller, Talla U, Stiker, Bolsa;activo
27743;Top Balu Terracota LXL;F;Top Balu;Prelavado Polilycra, Prelavado Taller, Talla LXL, Stiker, Bolsa;activo
27741;Top Balu Terracota SM;F;Top Balu;Prelavado Polilycra, Prelavado Taller, Talla SM, Stiker, Bolsa;activo
27733;Top Balu Crema LXL;F;Top Balu;Prelavado Polilycra, Prelavado Taller, Talla LXL, Stiker, Bolsa;activo
27731;Top Balu Crema SM;F;Top Balu;Prelavado Polilycra, Prelavado Taller, Talla SM, Stiker, Bolsa;activo
27723;Top Balu Negro LXL;F;Top Balu;Prelavado Polilycra, Prelavado Taller, Talla LXL, Stiker, Bolsa;activo
27721;Top Balu Negro SM;F;Top Balu;Prelavado Polilycra, Prelavado Taller, Talla SM, Stiker, Bolsa;activo
28103;Top Balu Vinotinto LXL;F;Top Balu;Prelavado Polilycra, Prelavado Taller, Talla LXL, Stiker, Bolsa;activo
28111;Top Balu Azul Bebe SM;F;Top Balu;Prelavado Polilycra, Prelavado Taller, Talla SM, Stiker, Bolsa;activo
28101;Top Balu Vinotinto SM;F;Top Balu;Prelavado Polilycra, Prelavado Taller, Talla SM, Stiker, Bolsa;activo
28113;Top Balu Azul Bebe LXL;F;Top Balu;Prelavado Polilycra, Prelavado Taller, Talla LXL, Stiker, Bolsa;activo
28931;Top Balu Amarillo SM;F;Top Balu;Prelavado Polilycra, Prelavado Taller, Talla SM, Stiker, Bolsa;activo
28933;Top Balu Amarillo LXL;F;Top Balu;Prelavado Polilycra, Prelavado Taller, Talla LXL, Stiker, Bolsa;activo
28981;Top Balu Verde Oliva SM;F;Top Balu;Prelavado Polilycra, Prelavado Taller, Talla SM, Stiker, Bolsa;activo
28983;Top Balu Verde Oliva LXL;F;Top Balu;Prelavado Polilycra, Prelavado Taller, Talla LXL, Stiker, Bolsa;activo
28991;Top Balu Rojo SM;F;Top Balu;Prelavado Polilycra, Prelavado Taller, Talla SM, Stiker, Bolsa;activo
28993;Top Balu Rojo LXL;F;Top Balu;Prelavado Polilycra, Prelavado Taller, Talla LXL, Stiker, Bolsa;activo
28093;Top Balu Blanco LXL;F;Top Balu;Prelavado Polilycra, Prelavado Taller, Talla LXL, Stiker, Bolsa;activo
28091;Top Balu Blanco SM;F;Top Balu;Prelavado Polilycra, Prelavado Taller, Talla SM, Stiker, Bolsa;activo
28083;Top Balu Gris LXL;F;Top Balu;Prelavado Polilycra, Prelavado Taller, Talla LXL, Stiker, Bolsa;activo
28081;Top Balu Gris SM;F;Top Balu;Prelavado Polilycra, Prelavado Taller, Talla SM, Stiker, Bolsa;activo
27783;Top Balu Camel LXL;F;Top Balu;Prelavado Polilycra, Prelavado Taller, Talla LXL, Stiker, Bolsa;activo
27781;Top Balu Camel SM;F;Top Balu;Prelavado Polilycra, Prelavado Taller, Talla SM, Stiker, Bolsa;activo
27773;Top Balu Cafe LXL;F;Top Balu;Prelavado Polilycra, Prelavado Taller, Talla LXL, Stiker, Bolsa;activo
27771;Top Balu Cafe SM;F;Top Balu;Prelavado Polilycra, Prelavado Taller, Talla SM, Stiker, Bolsa;activo
27763;Top Balu Verde Militar LXL;F;Top Balu;Prelavado Polilycra, Prelavado Taller, Talla LXL, Stiker, Bolsa;activo
27761;Top Balu Verde Militar SM;F;Top Balu;Prelavado Polilycra, Prelavado Taller, Talla SM, Stiker, Bolsa;activo
27753;Top Balu Azul Oscuro LXL;F;Top Balu;Prelavado Polilycra, Prelavado Taller, Talla LXL, Stiker, Bolsa;activo
27751;Top Balu Azul Oscuro SM;F;Top Balu;Prelavado Polilycra, Prelavado Taller, Talla SM, Stiker, Bolsa;activo
27670;Top Cuadrado Lila U;F;Top Cuadrado;Prelavado Polilycra, Prelavado Taller, Talla U, Stiker, Bolsa;activo
27580;Top Cuadrado Gris U;F;Top Cuadrado;Prelavado Polilycra, Prelavado Taller, Talla U, Stiker, Bolsa;activo
27570;Top Cuadrado Durazno U;F;Top Cuadrado;Prelavado Polilycra, Prelavado Taller, Talla U, Stiker, Bolsa;activo
27560;Top Cuadrado Azul Bebe U;F;Top Cuadrado;Prelavado Polilycra, Prelavado Taller, Talla U, Stiker, Bolsa;activo
27550;Top Cuadrado Vinotinto U;F;Top Cuadrado;Prelavado Polilycra, Prelavado Taller, Talla U, Stiker, Bolsa;activo
27280;Top Cuadrado Verde Militar U;F;Top Cuadrado;Prelavado Polilycra, Prelavado Taller, Talla U, Stiker, Bolsa;activo
22440;Top Cuadrado Mora Leche U;F;Top Cuadrado;Prelavado Polilycra, Prelavado Taller, Talla U, Stiker, Bolsa;activo
2244;Top Cuadrado Mora Leche U;F;Top Cuadrado;Prelavado Polilycra, Prelavado Taller, Talla U, Stiker, Bolsa;activo
21480;Top Cuadrado Azul Rey U;F;Top Cuadrado;Prelavado Polilycra, Prelavado Taller, Talla U, Stiker, Bolsa;activo
2148;Top Cuadrado Azul Rey U;F;Top Cuadrado;Prelavado Polilycra, Prelavado Taller, Talla U, Stiker, Bolsa;activo
21470;Top Cuadrado Amarillo Pastel U;F;Top Cuadrado;Prelavado Polilycra, Prelavado Taller, Talla U, Stiker, Bolsa;activo
2147;Top Cuadrado Amarillo Pastel U;F;Top Cuadrado;Prelavado Polilycra, Prelavado Taller, Talla U, Stiker, Bolsa;activo
21450;Top Cuadrado Rojo U;F;Top Cuadrado;Prelavado Polilycra, Prelavado Taller, Talla U, Stiker, Bolsa;activo
21410;Top Cuadrado Fucsia U;F;Top Cuadrado;Prelavado Polilycra, Prelavado Taller, Talla U, Stiker, Bolsa;activo
2141;Top Cuadrado Fucsia U;F;Top Cuadrado;Prelavado Polilycra, Prelavado Taller, Talla U, Stiker, Bolsa;activo
21400;Top Cuadrado Purpura U;F;Top Cuadrado;Prelavado Polilycra, Prelavado Taller, Talla U, Stiker, Bolsa;activo
2140;Top Cuadrado Purpura U;F;Top Cuadrado;Prelavado Polilycra, Prelavado Taller, Talla U, Stiker, Bolsa;activo
21390;Top Cuadrado Azul Oscuro U;F;Top Cuadrado;Prelavado Polilycra, Prelavado Taller, Talla U, Stiker, Bolsa;activo
21370;Top Cuadrado Naranja U;F;Top Cuadrado;Prelavado Polilycra, Prelavado Taller, Talla U, Stiker, Bolsa;activo
16730;Top Cuadrado Negro U;F;Top Cuadrado;Prelavado Polilycra, Prelavado Taller, Talla U, Stiker, Bolsa;activo
16910;Top Cuadrado Camel U;F;Top Cuadrado;Prelavado Polilycra, Prelavado Taller, Talla U, Stiker, Bolsa;activo
21360;Top Cuadrado Verde Oliva U;F;Top Cuadrado;Prelavado Polilycra, Prelavado Taller, Talla U, Stiker, Bolsa;activo
16680;Top Cuadrado Crema U;F;Top Cuadrado;Prelavado Polilycra, Prelavado Taller, Talla U, Stiker, Bolsa;activo
16700;Top Cuadrado Blanco U;F;Top Cuadrado;Prelavado Polilycra, Prelavado Taller, Talla U, Stiker, Bolsa;activo
25960;Top Hera Verde Oliva U;F;Top Hera;Prelavado Polilycra, Prelavado Taller, Talla U, Stiker, Bolsa;activo
25900;Top Hera Terracota U;F;Top Hera;Prelavado Polilycra, Prelavado Taller, Talla U, Stiker, Bolsa;activo
25890;Top Hera Agua Marina U;F;Top Hera;Prelavado Polilycra, Prelavado Taller, Talla U, Stiker, Bolsa;activo
25880;Top Hera Verde Cali U;F;Top Hera;Prelavado Polilycra, Prelavado Taller, Talla U, Stiker, Bolsa;activo
25870;Top Hera Durazno U;F;Top Hera;Prelavado Polilycra, Prelavado Taller, Talla U, Stiker, Bolsa;activo
25860;Top Hera Vinotinto U;F;Top Hera;Prelavado Polilycra, Prelavado Taller, Talla U, Stiker, Bolsa;activo
25850;Top Hera Camel U;F;Top Hera;Prelavado Polilycra, Prelavado Taller, Talla U, Stiker, Bolsa;activo
25830;Top Hera Azul Bebe U;F;Top Hera;Prelavado Polilycra, Prelavado Taller, Talla U, Stiker, Bolsa;activo
25820;Top Hera Azul Oscuro U;F;Top Hera;Prelavado Polilycra, Prelavado Taller, Talla U, Stiker, Bolsa;activo
25810;Top Hera Blanco U;F;Top Hera;Prelavado Polilycra, Prelavado Taller, Talla U, Stiker, Bolsa;activo
25070;Top Hera Gris U;F;Top Hera;Prelavado Polilycra, Prelavado Taller, Talla U, Stiker, Bolsa;activo
25060;Top Hera Cafe U;F;Top Hera;Prelavado Polilycra, Prelavado Taller, Talla U, Stiker, Bolsa;activo
25050;Top Hera Verde Militar U;F;Top Hera;Prelavado Polilycra, Prelavado Taller, Talla U, Stiker, Bolsa;activo
25040;Top Hera Lila U;F;Top Hera;Prelavado Polilycra, Prelavado Taller, Talla U, Stiker, Bolsa;activo
25030;Top Hera Crema U;F;Top Hera;Prelavado Polilycra, Prelavado Taller, Talla U, Stiker, Bolsa;activo
25020;Top Hera Negro U;F;Top Hera;Prelavado Polilycra, Prelavado Taller, Talla U, Stiker, Bolsa;activo
26310;Top Hombro Blanco U;F;Top Hombro;Prelavado Polilycra, Prelavado Taller, Talla U, Stiker, Bolsa;activo
29020;Top Hombro Rojo U;F;Top Hombro;Prelavado Polilycra, Prelavado Taller, Talla U, Stiker, Bolsa;activo
26700;Top Hombro Terracota U;F;Top Hombro;Prelavado Polilycra, Prelavado Taller, Talla U, Stiker, Bolsa;activo
26690;Top Hombro Vinotinto U;F;Top Hombro;Prelavado Polilycra, Prelavado Taller, Talla U, Stiker, Bolsa;activo
26680;Top Hombro Gris;F;Top Hombro;Prelavado Polilycra, Prelavado Taller, Talla LXL, Stiker, Bolsa;activo
26670;Top Hombro Azul Bebe;F;Top Hombro;Prelavado Polilycra, Prelavado Taller, Talla U, Stiker, Bolsa;activo
26490;Top Hombro Durazno U;F;Top Hombro;Prelavado Polilycra, Prelavado Taller, Talla U, Stiker, Bolsa;activo
26380;Top Hombro Lila U;F;Top Hombro;Prelavado Polilycra, Prelavado Taller, Talla U, Stiker, Bolsa;activo
26370;Top Hombro Verde Oliva U;F;Top Hombro;Prelavado Polilycra, Prelavado Taller, Talla U, Stiker, Bolsa;activo
26360;Top Hombro Camel U;F;Top Hombro;Prelavado Polilycra, Prelavado Taller, Talla U, Stiker, Bolsa;activo
26350;Top Hombro Azul Oscuro U;F;Top Hombro;Prelavado Polilycra, Prelavado Taller, Talla U, Stiker, Bolsa;activo
26340;Top Hombro Verde Militar U;F;Top Hombro;Prelavado Polilycra, Prelavado Taller, Talla U, Stiker, Bolsa;activo
26330;Top Hombro Camel U;F;Top Hombro;Prelavado Polilycra, Prelavado Taller, Talla U, Stiker, Bolsa;activo
26320;Top Hombro Crema U;F;Top Hombro;Prelavado Polilycra, Prelavado Taller, Talla U, Stiker, Bolsa;activo
26300;Top Hombro Nego U;F;Top Hombro;Prelavado Polilycra, Prelavado Taller, Talla U, Stiker, Bolsa;activo
16840;Top Hombro Verde Cali U;F;Top Hombro;Prelavado Polilycra, Prelavado Taller, Talla U, Stiker, Bolsa;activo
REF-0010;Top Jazmín;F;Top Jazmín;Prelavado Polilycra, Prelavado Taller, Talla LXL, Stiker, Bolsa;activo
29823;Top Jazmín Azul Oscuro LXL;F;Top Jazmín;Prelavado Polilycra, Prelavado Taller, Talla LXL, Stiker, Bolsa;activo
29821;Top Jazmín Azul Oscuro SM;F;Top Jazmín;Prelavado Polilycra, Prelavado Taller, Talla SM, Stiker, Bolsa;activo
29813;Top Jazmín Camel LXL;F;Top Jazmín;Prelavado Polilycra, Prelavado Taller, Talla LXL, Stiker, Bolsa;activo
29811;Top Jazmín Camel SM;F;Top Jazmín;Prelavado Polilycra, Prelavado Taller, Talla SM, Stiker, Bolsa;activo
29803;Top Jazmín Rojo LXL;F;Top Jazmín;Prelavado Polilycra, Prelavado Taller, Talla LXL, Stiker, Bolsa;activo
29801;Top Jazmín Rojo SM;F;Top Jazmín;Prelavado Polilycra, Prelavado Taller, Talla SM, Stiker, Bolsa;activo
29793;Top Jazmín Terracota LXL;F;Top Jazmín;Prelavado Polilycra, Prelavado Taller, Talla LXL, Stiker, Bolsa;activo
29791;Top Jazmín Terracota SM;F;Top Jazmín;Prelavado Polilycra, Prelavado Taller, Talla SM, Stiker, Bolsa;activo
29783;Top Jazmín Verde Oliva LXL;F;Top Jazmín;Prelavado Polilycra, Prelavado Taller, Talla LXL, Stiker, Bolsa;activo
29781;Top Jazmín Verde Oliva SM;F;Top Jazmín;Prelavado Polilycra, Prelavado Taller, Talla SM, Stiker, Bolsa;activo
29773;Top Jazmín Negro LXL;F;Top Jazmín;Prelavado Polilycra, Prelavado Taller, Talla LXL, Stiker, Bolsa;activo
29771;Top Jazmín Negro SM;F;Top Jazmín;Prelavado Polilycra, Prelavado Taller, Talla SM, Stiker, Bolsa;activo
29763;Top Jazmín Camel LXL;F;Top Jazmín;Prelavado Polilycra, Prelavado Taller, Talla LXL, Stiker, Bolsa;activo
29761;Top Jazmín Camel SM;F;Top Jazmín;Prelavado Polilycra, Prelavado Taller, Talla SM, Stiker, Bolsa;activo
29753;Top Jazmín Blanco LXL;F;Top Jazmín;Prelavado Polilycra, Prelavado Taller, Talla LXL, Stiker, Bolsa;activo
29751;Top Jazmín Blanco SM;F;Top Jazmín;Prelavado Polilycra, Prelavado Taller, Talla SM, Stiker, Bolsa;activo
29743;Top Jazmín Crema LXL;F;Top Jazmín;Prelavado Polilycra, Prelavado Taller, Talla LXL, Stiker, Bolsa;activo
29741;Top Jazmín Crema SM;F;Top Jazmín;Prelavado Polilycra, Prelavado Taller, Talla SM, Stiker, Bolsa;activo
29733;Top Jazmín Verde Militar LXL;F;Top Jazmín;Prelavado Polilycra, Prelavado Taller, Talla LXL, Stiker, Bolsa;activo
29731;Top Jazmín Verde Militar SM;F;Top Jazmín;Prelavado Polilycra, Prelavado Taller, Talla SM, Stiker, Bolsa;activo
25453;Top Kiara Blanco LXL;F;Top Kiara;Prelavado Polilycra, Prelavado Taller, Talla LXL, Stiker, Bolsa;activo
25451;Top Kiara Blanco SM;F;Top Kiara;Prelavado Polilycra, Prelavado Taller, Talla SM, Stiker, Bolsa;activo
21933;Top Kiara Rojo LXL;F;Top Kiara;Prelavado Polilycra, Prelavado Taller, Talla LXL, Stiker, Bolsa;activo
21931;Top Kiara Rojo SM;F;Top Kiara;Prelavado Polilycra, Prelavado Taller, Talla SM, Stiker, Bolsa;activo
21923;Top Kiara Azul Rey LXL;F;Top Kiara;Prelavado Polilycra, Prelavado Taller, Talla LXL, Stiker, Bolsa;activo
21921;Top Kiara Azul Rey SM;F;Top Kiara;Prelavado Polilycra, Prelavado Taller, Talla SM, Stiker, Bolsa;activo
21913;Top Kiara Amarillo Pastel LXL;F;Top Kiara;Prelavado Polilycra, Prelavado Taller, Talla LXL, Stiker, Bolsa;activo
21911;Top Kiara Amarillo Pastel SM;F;Top Kiara;Prelavado Polilycra, Prelavado Taller, Talla SM, Stiker, Bolsa;activo
21901;Top Kiara Terracota SM;F;Top Kiara;Prelavado Polilycra, Prelavado Taller, Talla SM, Stiker, Bolsa;activo
21893;Top Kiara Purpura LXL;F;Top Kiara;Prelavado Polilycra, Prelavado Taller, Talla LXL, Stiker, Bolsa;activo
21891;Top Kiara Purpura SM;F;Top Kiara;Prelavado Polilycra, Prelavado Taller, Talla SM, Stiker, Bolsa;activo
21883;Top Kiara Camel LXL;F;Top Kiara;Prelavado Polilycra, Prelavado Taller, Talla LXL, Stiker, Bolsa;activo
21881;Top Kiara Camel SM;F;Top Kiara;Prelavado Polilycra, Prelavado Taller, Talla SM, Stiker, Bolsa;activo
21873;Top Kiara Azul Petroleo LXL;F;Top Kiara;Prelavado Polilycra, Prelavado Taller, Talla LXL, Stiker, Bolsa;activo
21871;Top Kiara Azul Petroleo SM;F;Top Kiara;Prelavado Polilycra, Prelavado Taller, Talla SM, Stiker, Bolsa;activo
21863;Top Kiara Capuchino LXL;F;Top Kiara;Prelavado Polilycra, Prelavado Taller, Talla LXL, Stiker, Bolsa;activo
21861;Top Kiara Capuchino SM;F;Top Kiara;Prelavado Polilycra, Prelavado Taller, Talla SM, Stiker, Bolsa;activo
21853;Top Kiara Naranja LXL;F;Top Kiara;Prelavado Polilycra, Prelavado Taller, Talla LXL, Stiker, Bolsa;activo
21851;Top Kiara Naranja SM;F;Top Kiara;Prelavado Polilycra, Prelavado Taller, Talla SM, Stiker, Bolsa;activo
21843;Top Kiara Verde Oliva LXL;F;Top Kiara;Prelavado Polilycra, Prelavado Taller, Talla LXL, Stiker, Bolsa;activo
21841;Top Kiara Verde Oliva SM;F;Top Kiara;Prelavado Polilycra, Prelavado Taller, Talla SM, Stiker, Bolsa;activo
20261;Top Lassie Largo Verde Militar SM;F;Top Kiara;Prelavado Polilycra, Prelavado Taller, Talla SM, Stiker, Bolsa;activo
19263;Top Kiara Negro L;F;Top Kiara;Prelavado Polilycra, Prelavado Taller, Talla LXL, Stiker, Bolsa;activo
19261;Top Kiara Negro S;F;Top Kiara;Prelavado Polilycra, Prelavado Taller, Talla LXL, Stiker, Bolsa;activo
19243;Top Kiara Crema/ Beige L;F;Top Kiara;Prelavado Polilycra, Prelavado Taller, Talla LXL, Stiker, Bolsa;activo
19241;Top Kiara Crema / Beige S;F;Top Kiara;Prelavado Polilycra, Prelavado Taller, Talla LXL, Stiker, Bolsa;activo
19233;Top Kiara Fucsia L;F;Top Kiara;Prelavado Polilycra, Prelavado Taller, Talla LXL, Stiker, Bolsa;activo
19231;Top Kiara Fucsia S;F;Top Kiara;Prelavado Polilycra, Prelavado Taller, Talla LXL, Stiker, Bolsa;activo
19223;Top Kiara Camel Claro L;F;Top Kiara;Prelavado Polilycra, Prelavado Taller, Talla LXL, Stiker, Bolsa;activo
19221;Top Kiara Camel Claro S;F;Top Kiara;Prelavado Polilycra, Prelavado Taller, Talla LXL, Stiker, Bolsa;activo
28890;Top Lassie Corto Amarillo U;F;Top Lassie Corto;Prelavado Polilycra, Prelavado Taller, Talla U, Stiker, Bolsa;activo
28831;Top Lassie Corto Azul Bebe U;F;Top Lassie Corto;Prelavado Polilycra, Prelavado Taller, Talla U, Stiker, Bolsa;activo
28750;Top Lassie Corto Gris U;F;Top Lassie Corto;Prelavado Polilycra, Prelavado Taller, Talla U, Stiker, Bolsa;activo
28740;Top Lassie Corto Rojo U;F;Top Lassie Corto;Prelavado Polilycra, Prelavado Taller, Talla U, Stiker, Bolsa;activo
28730;Top Lassie Corto Durazno U;F;Top Lassie Corto;Prelavado Polilycra, Prelavado Taller, Talla U, Stiker, Bolsa;activo
28720;Top Lassie Corto Lila U;F;Top Lassie Corto;Prelavado Polilycra, Prelavado Taller, Talla U, Stiker, Bolsa;activo
28130;Top Lassie Corto Vinotinto U;F;Top Lassie Corto;Prelavado Polilycra, Prelavado Taller, Talla U, Stiker, Bolsa;activo
27260;Top Lassie Corto Terracota;F;Top Lassie Corto;Prelavado Polilycra, Prelavado Taller, Talla LXL, Stiker, Bolsa;activo
25940;Top Lassie Corto Camel U;F;Top Lassie Corto;Prelavado Polilycra, Prelavado Taller, Talla U, Stiker, Bolsa;activo
25910;Top Lassie Corto Blanco U;F;Top Lassie Corto;Prelavado Polilycra, Prelavado Taller, Talla U, Stiker, Bolsa;activo
25570;Top Lassie Corto Verde Oliva U;F;Top Lassie Corto;Prelavado Polilycra, Prelavado Taller, Talla U, Stiker, Bolsa;activo
2555;Top Lassie Corto Cafe u;F;Top Lassie Corto;Prelavado Polilycra, Prelavado Taller, Talla U, Stiker, Bolsa;activo
21060;Top Lassie Corto Crema U;F;Top Lassie Corto;Prelavado Polilycra, Prelavado Taller, Talla U, Stiker, Bolsa;activo
21050;Top Lassie Corto Camel U;F;Top Lassie Corto;Prelavado Polilycra, Prelavado Taller, Talla U, Stiker, Bolsa;activo
21040;Top Lassie Corto Verde Militar U;F;Top Lassie Corto;Prelavado Polilycra, Prelavado Taller, Talla U, Stiker, Bolsa;activo
21000;Top Lassie Corto Azul Oscuro U;F;Top Lassie Corto;Prelavado Polilycra, Prelavado Taller, Talla U, Stiker, Bolsa;activo
20950;Top Lassie Corto Negro U;F;Top Lassie Corto;Prelavado Polilycra, Prelavado Taller, Talla U, Stiker, Bolsa;activo
REF-0011;Top Lassie Largo;F;Top Lassie Largo;Prelavado Polilycra, Prelavado Taller, Talla LXL, Stiker, Bolsa;activo
29223;Top Mangas Largo Verde Lima LXL;F;Top Lassie Largo;Prelavado Polilycra, Prelavado Taller, Talla LXL, Stiker, Bolsa;activo
21831;Top Lassie Largo Durazno SM;F;Top Lassie Largo;Prelavado Polilycra, Prelavado Taller, Talla SM, Stiker, Bolsa;activo
20263;Top Lassie Largo Verde Militar LXL;F;Top Lassie Largo;Prelavado Polilycra, Prelavado Taller, Talla LXL, Stiker, Bolsa;activo
20271;Top Lassie Largo Azul Bebe SM;F;Top Lassie Largo;Prelavado Polilycra, Prelavado Taller, Talla SM, Stiker, Bolsa;activo
20273;Top Lassie Largo Azul Bebe LXL;F;Top Lassie Largo;Prelavado Polilycra, Prelavado Taller, Talla LXL, Stiker, Bolsa;activo
20291;Top Lassie Largo Purpura SM;F;Top Lassie Largo;Prelavado Polilycra, Prelavado Taller, Talla SM, Stiker, Bolsa;activo
20301;Top Lassie Largo Lila SM;F;Top Lassie Largo;Prelavado Polilycra, Prelavado Taller, Talla SM, Stiker, Bolsa;activo
20303;Top Lassie Largo Lila LXL;F;Top Lassie Largo;Prelavado Polilycra, Prelavado Taller, Talla LXL, Stiker, Bolsa;activo
2031;Top Lassie Largo Blanco;F;Top Lassie Largo;Prelavado Polilycra, Prelavado Taller, Talla LXL, Stiker, Bolsa;activo
20311;Top Lassie Largo Blanco SM;F;Top Lassie Largo;Prelavado Polilycra, Prelavado Taller, Talla SM, Stiker, Bolsa;activo
20313;Top Lassie Largo Blanco LXL;F;Top Lassie Largo;Prelavado Polilycra, Prelavado Taller, Talla LXL, Stiker, Bolsa;activo
20321;Top Lassie Largo Negro SM;F;Top Lassie Largo;Prelavado Polilycra, Prelavado Taller, Talla SM, Stiker, Bolsa;activo
20323;Top Lassie Largo Negro LXL;F;Top Lassie Largo;Prelavado Polilycra, Prelavado Taller, Talla LXL, Stiker, Bolsa;activo
21731;Top Lassie Largo Verde Oliva SM;F;Top Lassie Largo;Prelavado Polilycra, Prelavado Taller, Talla SM, Stiker, Bolsa;activo
21733;Top Lassie Largo Verde Oliva LXL;F;Top Lassie Largo;Prelavado Polilycra, Prelavado Taller, Talla LXL, Stiker, Bolsa;activo
21741;Top Lassie Largo Naranja SM;F;Top Lassie Largo;Prelavado Polilycra, Prelavado Taller, Talla SM, Stiker, Bolsa;activo
21761;Top Lassie Largo Azul Oscuro SM;F;Top Lassie Largo;Prelavado Polilycra, Prelavado Taller, Talla SM, Stiker, Bolsa;activo
21763;Top Lassie Largo Azul Oscuro LXL;F;Top Lassie Largo;Prelavado Polilycra, Prelavado Taller, Talla LXL, Stiker, Bolsa;activo
21771;Top Lassie Largo Camel SM;F;Top Lassie Largo;Prelavado Polilycra, Prelavado Taller, Talla SM, Stiker, Bolsa;activo
21773;Top Lassie Largo Camel LXL;F;Top Lassie Largo;Prelavado Polilycra, Prelavado Taller, Talla LXL, Stiker, Bolsa;activo
21781;Top Lassie Largo Fucsia SM;F;Top Lassie Largo;Prelavado Polilycra, Prelavado Taller, Talla SM, Stiker, Bolsa;activo
21821;Top Lassie Largo Rojo SM;F;Top Lassie Largo;Prelavado Polilycra, Prelavado Taller, Talla SM, Stiker, Bolsa;activo
28923;Top Lassie Largo Amarillo LXL;F;Top Lassie Largo;Prelavado Polilycra, Prelavado Taller, Talla LXL, Stiker, Bolsa;activo
28921;Top Lassie Largo Amarillo SM;F;Top Lassie Largo;Prelavado Polilycra, Prelavado Taller, Talla SM, Stiker, Bolsa;activo
28173;Top Lassie Largo Vinotinto LXL;F;Top Lassie Largo;Prelavado Polilycra, Prelavado Taller, Talla LXL, Stiker, Bolsa;activo
28171;Top Lassie Largo Vinotinto SM;F;Top Lassie Largo;Prelavado Polilycra, Prelavado Taller, Talla SM, Stiker, Bolsa;activo
27253;Top Lassie Largo Terracota LXL;F;Top Lassie Largo;Prelavado Polilycra, Prelavado Taller, Talla LXL, Stiker, Bolsa;activo
27251;Top Lassie Largo Terracota SM;F;Top Lassie Largo;Prelavado Polilycra, Prelavado Taller, Talla SM, Stiker, Bolsa;activo
24113;Top Lassie Largo Camel LXL;F;Top Lassie Largo;Prelavado Polilycra, Prelavado Taller, Talla LXL, Stiker, Bolsa;activo
24111;Top Lassie Largo Camel SM;F;Top Lassie Largo;Prelavado Polilycra, Prelavado Taller, Talla SM, Stiker, Bolsa;activo
24103;Top Lassie Largo Gris LXL;F;Top Lassie Largo;Prelavado Polilycra, Prelavado Taller, Talla LXL, Stiker, Bolsa;activo
24101;Top Lassie Largo Gris SM;F;Top Lassie Largo;Prelavado Polilycra, Prelavado Taller, Talla SM, Stiker, Bolsa;activo
23901;Top Lassie Largo Rosado SM;F;Top Lassie Largo;Prelavado Polilycra, Prelavado Taller, Talla SM, Stiker, Bolsa;activo
23653;Top Lassie Largo Crema LXL;F;Top Lassie Largo;Prelavado Polilycra, Prelavado Taller, Talla LXL, Stiker, Bolsa;activo
23651;Top Lassie Largo Crema SM;F;Top Lassie Largo;Prelavado Polilycra, Prelavado Taller, Talla SM, Stiker, Bolsa;activo
21833;Top Lassie Largo Durazno LXL;F;Top Lassie Largo;Prelavado Polilycra, Prelavado Taller, Talla LXL, Stiker, Bolsa;activo
21823;Top Lassie Largo Rojo LXL;F;Top Lassie Largo;Prelavado Polilycra, Prelavado Taller, Talla LXL, Stiker, Bolsa;activo
REF-0012;Top Lili;F;Top Lili;Prelavado Polilycra, Prelavado Taller, Talla LXL, Stiker, Bolsa;activo
29073;Top Lili Amarillo LXL;F;Top Lili;Prelavado Polilycra, Prelavado Taller, Talla LXL, Stiker, Bolsa;activo
29071;Top Lili Amarillo SM;F;Top Lili;Prelavado Polilycra, Prelavado Taller, Talla SM, Stiker, Bolsa;activo
27113;Top Lili Vinotinto LXL;F;Top Lili;Prelavado Polilycra, Prelavado Taller, Talla LXL, Stiker, Bolsa;activo
27111;Top Lili Vinotinto SM;F;Top Lili;Prelavado Polilycra, Prelavado Taller, Talla SM, Stiker, Bolsa;activo
27103;Top Lili Terracota LXL;F;Top Lili;Prelavado Polilycra, Prelavado Taller, Talla LXL, Stiker, Bolsa;activo
27101;Top Lili Terracota SM;F;Top Lili;Prelavado Polilycra, Prelavado Taller, Talla SM, Stiker, Bolsa;activo
24053;Top Lili Agua Marina LXL;F;Top Lili;Prelavado Polilycra, Prelavado Taller, Talla LXL, Stiker, Bolsa;activo
24051;Top Lili Agua Marina SM;F;Top Lili;Prelavado Polilycra, Prelavado Taller, Talla SM, Stiker, Bolsa;activo
24033;Top Lili Lila LXL;F;Top Lili;Prelavado Polilycra, Prelavado Taller, Talla LXL, Stiker, Bolsa;activo
24031;Top Lili Lila SM;F;Top Lili;Prelavado Polilycra, Prelavado Taller, Talla SM, Stiker, Bolsa;activo
24023;Top Lili Azul Bebe LXL;F;Top Lili;Prelavado Polilycra, Prelavado Taller, Talla LXL, Stiker, Bolsa;activo
24021;Top Lili Azul Bebe SM;F;Top Lili;Prelavado Polilycra, Prelavado Taller, Talla SM, Stiker, Bolsa;activo
24003;Top Lili Gris LXL;F;Top Lili;Prelavado Polilycra, Prelavado Taller, Talla LXL, Stiker, Bolsa;activo
24001;Top Lili Gris SM;F;Top Lili;Prelavado Polilycra, Prelavado Taller, Talla SM, Stiker, Bolsa;activo
23943;Top Lili Rojo LXL;F;Top Lili;Prelavado Polilycra, Prelavado Taller, Talla LXL, Stiker, Bolsa;activo
23941;Top Lili Rojo SM;F;Top Lili;Prelavado Polilycra, Prelavado Taller, Talla SM, Stiker, Bolsa;activo
23793;Top Lili Azul Oscuro LXL;F;Top Lili;Prelavado Polilycra, Prelavado Taller, Talla LXL, Stiker, Bolsa;activo
23791;Top Lili Azul Oscuro SM;F;Top Lili;Prelavado Polilycra, Prelavado Taller, Talla SM, Stiker, Bolsa;activo
23783;Top Lili Verde Militar LXL;F;Top Lili;Prelavado Polilycra, Prelavado Taller, Talla LXL, Stiker, Bolsa;activo
23781;Top Lili Verde Militar SM;F;Top Lili;Prelavado Polilycra, Prelavado Taller, Talla SM, Stiker, Bolsa;activo
23773;Top Lili Cafe LXL;F;Top Lili;Prelavado Polilycra, Prelavado Taller, Talla LXL, Stiker, Bolsa;activo
23771;Top Lili Cafe SM;F;Top Lili;Prelavado Polilycra, Prelavado Taller, Talla SM, Stiker, Bolsa;activo
23763;Top Lili Durazno LXL;F;Top Lili;Prelavado Polilycra, Prelavado Taller, Talla LXL, Stiker, Bolsa;activo
23761;Top Lili Durazno SM;F;Top Lili;Prelavado Polilycra, Prelavado Taller, Talla SM, Stiker, Bolsa;activo
23193;Top Lili Verde Oliva LXL;F;Top Lili;Prelavado Polilycra, Prelavado Taller, Talla LXL, Stiker, Bolsa;activo
23191;Top Lili Verde Oliva SM;F;Top Lili;Prelavado Polilycra, Prelavado Taller, Talla SM, Stiker, Bolsa;activo
23183;Top Lili Camel LXL;F;Top Lili;Prelavado Polilycra, Prelavado Taller, Talla LXL, Stiker, Bolsa;activo
23181;Top Lili Camel SM;F;Top Lili;Prelavado Polilycra, Prelavado Taller, Talla SM, Stiker, Bolsa;activo
23173;Top Lili Blanco LXL;F;Top Lili;Prelavado Polilycra, Prelavado Taller, Talla LXL, Stiker, Bolsa;activo
23171;Top Lili Blanco SM;F;Top Lili;Prelavado Polilycra, Prelavado Taller, Talla SM, Stiker, Bolsa;activo
23163;Top Lili Crema LXL;F;Top Lili;Prelavado Polilycra, Prelavado Taller, Talla LXL, Stiker, Bolsa;activo
23161;Top Lili Crema SM;F;Top Lili;Prelavado Polilycra, Prelavado Taller, Talla SM, Stiker, Bolsa;activo
23153;Top Lili Negro LXL;F;Top Lili;Prelavado Polilycra, Prelavado Taller, Talla LXL, Stiker, Bolsa;activo
23151;Top Lili Negro SM;F;Top Lili;Prelavado Polilycra, Prelavado Taller, Talla SM, Stiker, Bolsa;activo
REF-0013;Top Mangas Corto;F;Top Mangas Corto;Prelavado Polilycra, Prelavado Taller, Talla LXL, Stiker, Bolsa;activo
28943;Top Mangas Corto Amarillo LXL;F;Top Mangas Corto;Prelavado Polilycra, Prelavado Taller, Talla LXL, Stiker, Bolsa;activo
28941;Top Mangas Corto Amarillo SM;F;Top Mangas Corto;Prelavado Polilycra, Prelavado Taller, Talla SM, Stiker, Bolsa;activo
28063;Top Mangas Corto Gris LXL;F;Top Mangas Corto;Prelavado Polilycra, Prelavado Taller, Talla LXL, Stiker, Bolsa;activo
28061;Top Mangas Corto Gris SM;F;Top Mangas Corto;Prelavado Polilycra, Prelavado Taller, Talla SM, Stiker, Bolsa;activo
27093;Top Mangas Corto Vinotinto LXL;F;Top Mangas Corto;Prelavado Polilycra, Prelavado Taller, Talla LXL, Stiker, Bolsa;activo
27091;Top Mangas Corto Vinotinto SM;F;Top Mangas Corto;Prelavado Polilycra, Prelavado Taller, Talla SM, Stiker, Bolsa;activo
25593;Top Mangas Corto Cafe LXL;F;Top Mangas Corto;Prelavado Polilycra, Prelavado Taller, Talla LXL, Stiker, Bolsa;activo
25591;Top Mangas Corto Cafe SM;F;Top Mangas Corto;Prelavado Polilycra, Prelavado Taller, Talla SM, Stiker, Bolsa;activo
23993;Top Mangas Corto Rojo LXL;F;Top Mangas Corto;Prelavado Polilycra, Prelavado Taller, Talla LXL, Stiker, Bolsa;activo
23991;Top Mangas Corto Rojo SM;F;Top Mangas Corto;Prelavado Polilycra, Prelavado Taller, Talla SM, Stiker, Bolsa;activo
23983;Top Mangas Corto Verde militar LXL;F;Top Mangas Corto;Prelavado Polilycra, Prelavado Taller, Talla LXL, Stiker, Bolsa;activo
23981;Top Mangas Corto Verde militar SM;F;Top Mangas Corto;Prelavado Polilycra, Prelavado Taller, Talla SM, Stiker, Bolsa;activo
21553;Top Mangas Corto Durazno LXL;F;Top Mangas Corto;Prelavado Polilycra, Prelavado Taller, Talla LXL, Stiker, Bolsa;activo
21551;Top Mangas Corto Durazno SM;F;Top Mangas Corto;Prelavado Polilycra, Prelavado Taller, Talla SM, Stiker, Bolsa;activo
21550;Top Mangas Corto U;F;Top Mangas Corto;Prelavado Polilycra, Prelavado Taller, Talla U, Stiker, Bolsa;activo
21543;Top Mangas Corto Terracota LXL;F;Top Mangas Corto;Prelavado Polilycra, Prelavado Taller, Talla LXL, Stiker, Bolsa;activo
21541;Top Mangas Corto Terracota SM;F;Top Mangas Corto;Prelavado Polilycra, Prelavado Taller, Talla SM, Stiker, Bolsa;activo
21523;Top Mangas Corto Camel LXL;F;Top Mangas Corto;Prelavado Polilycra, Prelavado Taller, Talla LXL, Stiker, Bolsa;activo
21521;Top Mangas Corto Camel SM;F;Top Mangas Corto;Prelavado Polilycra, Prelavado Taller, Talla SM, Stiker, Bolsa;activo
21513;Top Mangas Corto Verde Oliva LXL;F;Top Mangas Corto;Prelavado Polilycra, Prelavado Taller, Talla LXL, Stiker, Bolsa;activo
21511;Top Mangas Corto Verde Oliva SM;F;Top Mangas Corto;Prelavado Polilycra, Prelavado Taller, Talla SM, Stiker, Bolsa;activo
2085;Top Mangas Corto Uva U;F;Top Mangas Corto;Prelavado Polilycra, Prelavado Taller, Talla U, Stiker, Bolsa;activo
20493;Top Mangas Corto Azul Bebe LXL;F;Top Mangas Corto;Prelavado Polilycra, Prelavado Taller, Talla LXL, Stiker, Bolsa;activo
20491;Top Mangas Corto Azul Bebe SM;F;Top Mangas Corto;Prelavado Polilycra, Prelavado Taller, Talla SM, Stiker, Bolsa;activo
19983;Top Mangas Corto Azul Oscuro LXL;F;Top Mangas Corto;Prelavado Polilycra, Prelavado Taller, Talla LXL, Stiker, Bolsa;activo
19981;Top Mangas Corto Azul Oscuro SM;F;Top Mangas Corto;Prelavado Polilycra, Prelavado Taller, Talla SM, Stiker, Bolsa;activo
16543;Top Mangas Corto Purpura LXL;F;Top Mangas Corto;Prelavado Polilycra, Prelavado Taller, Talla LXL, Stiker, Bolsa;activo
16541;Top Mangas Corto Purpura SM;F;Top Mangas Corto;Prelavado Polilycra, Prelavado Taller, Talla SM, Stiker, Bolsa;activo
16523;Top Mangas Corto Negro LXL;F;Top Mangas Corto;Prelavado Polilycra, Prelavado Taller, Talla LXL, Stiker, Bolsa;activo
1654;Top Mangas Corto Purpura U;F;Top Mangas Corto;Prelavado Polilycra, Prelavado Taller, Talla U, Stiker, Bolsa;activo
16521;Top Mangas Corto Negro SM;F;Top Mangas Corto;Prelavado Polilycra, Prelavado Taller, Talla SM, Stiker, Bolsa;activo
16513;Top Mangas Corto Naranja LXL;F;Top Mangas Corto;Prelavado Polilycra, Prelavado Taller, Talla LXL, Stiker, Bolsa;activo
16511;Top Mangas Corto Naranja SM;F;Top Mangas Corto;Prelavado Polilycra, Prelavado Taller, Talla SM, Stiker, Bolsa;activo
16503;Top Mangas Corto Lila LXL;F;Top Mangas Corto;Prelavado Polilycra, Prelavado Taller, Talla LXL, Stiker, Bolsa;activo
16501;Top Mangas Corto Lila SM;F;Top Mangas Corto;Prelavado Polilycra, Prelavado Taller, Talla SM, Stiker, Bolsa;activo
16483;Top Mangas Corto Blanco LXL;F;Top Mangas Corto;Prelavado Polilycra, Prelavado Taller, Talla LXL, Stiker, Bolsa;activo
16481;Top Mangas Corto Blanco SM;F;Top Mangas Corto;Prelavado Polilycra, Prelavado Taller, Talla SM, Stiker, Bolsa;activo
16473;Top Mangas Corto Crema LXL;F;Top Mangas Corto;Prelavado Polilycra, Prelavado Taller, Talla LXL, Stiker, Bolsa;activo
16471;Top Mangas Corto Crema SM;F;Top Mangas Corto;Prelavado Polilycra, Prelavado Taller, Talla SM, Stiker, Bolsa;activo
16463;Top Mangas Corto Azul Celeste LXL;F;Top Mangas Corto;Prelavado Polilycra, Prelavado Taller, Talla LXL, Stiker, Bolsa;activo
16461;Top Mangas Corto Azul Celeste SM;F;Top Mangas Corto;Prelavado Polilycra, Prelavado Taller, Talla SM, Stiker, Bolsa;activo
16460;Top Mangas Corto Azul Celeste U;F;Top Mangas Corto;Prelavado Polilycra, Prelavado Taller, Talla U, Stiker, Bolsa;activo
29671;Top Mangas Corto Palo Rosa SM;F;Top Mangas Corto;Prelavado Polilycra, Prelavado Taller, Talla SM, Stiker, Bolsa;activo
29673;Top Mangas Corto Palo Rosa LXL;F;Top Mangas Corto;Prelavado Polilycra, Prelavado Taller, Talla LXL, Stiker, Bolsa;activo
29681;Top Mangas Corto Verde Lima SM;F;Top Mangas Corto;Gafete Verde Lima, Prelavado Polilycra, Prelavado Taller, Talla SM, Stiker, Bolsa;activo
REF-0005;Top Mangas Largo;F;Top Mangas Largo;Prelavado Polilycra, Prelavado Taller, Talla LXL, Stiker, Bolsa;activo
29221;Top Mangas Largo Verde Lima SM;F;Top Mangas Largo;Prelavado Polilycra, Prelavado Taller, Talla SM, Stiker, Bolsa;activo
29213;Top Mangas Largo Palo Rosa LXL;F;Top Mangas Largo;Prelavado Polilycra, Prelavado Taller, Talla LXL, Stiker, Bolsa;activo
29211;Top Mangas Largo Palo Rosa SM;F;Top Mangas Largo;Prelavado Polilycra, Prelavado Taller, Talla SM, Stiker, Bolsa;activo
29093;Top Mangas Largo Amarillo LXL;F;Top Mangas Largo;Prelavado Polilycra, Prelavado Taller, Talla LXL, Stiker, Bolsa;activo
29091;Top Mangas Largo Amarillo SM;F;Top Mangas Largo;Prelavado Polilycra, Prelavado Taller, Talla SM, Stiker, Bolsa;activo
27293;Top Mangas Largo Rojo LXL;F;Top Mangas Largo;Prelavado Polilycra, Prelavado Taller, Talla LXL, Stiker, Bolsa;activo
27291;Top Mangas Largo Rojo SM;F;Top Mangas Largo;Prelavado Polilycra, Prelavado Taller, Talla SM, Stiker, Bolsa;activo
27073;Top Mangas Largo Terracota LXL;F;Top Mangas Largo;Prelavado Polilycra, Prelavado Taller, Talla LXL, Stiker, Bolsa;activo
27071;Top Mangas Largo Terracota SM;F;Top Mangas Largo;Prelavado Polilycra, Prelavado Taller, Talla SM, Stiker, Bolsa;activo
25583;Top Mangas Largo Verde Oliva LXL;F;Top Mangas Largo;Prelavado Polilycra, Prelavado Taller, Talla LXL, Stiker, Bolsa;activo
25581;Top Mangas Largo Verde Oliva SM;F;Top Mangas Largo;Prelavado Polilycra, Prelavado Taller, Talla SM, Stiker, Bolsa;activo
23603;Top Mangas Largo Gris LXL;F;Top Mangas Largo;Prelavado Polilycra, Prelavado Taller, Talla LXL, Stiker, Bolsa;activo
23601;Top Mangas Largo Gris SM;F;Top Mangas Largo;Prelavado Polilycra, Prelavado Taller, Talla SM, Stiker, Bolsa;activo
20943;Top Mangas Largo Camel LXL;F;Top Mangas Largo;Prelavado Polilycra, Prelavado Taller, Talla LXL, Stiker, Bolsa;activo
20941;Top Mangas Largo Camel SM;F;Top Mangas Largo;Prelavado Polilycra, Prelavado Taller, Talla SM, Stiker, Bolsa;activo
20903;Top Mangas Largo Verde Militar LXL;F;Top Mangas Largo;Prelavado Polilycra, Prelavado Taller, Talla LXL, Stiker, Bolsa;activo
20901;Top Mangas Largo Verde Militar SM;F;Top Mangas Largo;Prelavado Polilycra, Prelavado Taller, Talla SM, Stiker, Bolsa;activo
20873;Top Mangas Largo Azul Oscuro LXL;F;Top Mangas Largo;Prelavado Polilycra, Prelavado Taller, Talla LXL, Stiker, Bolsa;activo
20871;Top Mangas Largo Azul Oscuro SM;F;Top Mangas Largo;Prelavado Polilycra, Prelavado Taller, Talla SM, Stiker, Bolsa;activo
20863;Top Mangas Largo Vinotinto LXL;F;Top Mangas Largo;Prelavado Polilycra, Prelavado Taller, Talla LXL, Stiker, Bolsa;activo
20861;Top Mangas Largo Vinotinto SM;F;Top Mangas Largo;Prelavado Polilycra, Prelavado Taller, Talla SM, Stiker, Bolsa;activo
20843;Top Mangas Largo Crema LXL;F;Top Mangas Largo;Prelavado Polilycra, Prelavado Taller, Talla LXL, Stiker, Bolsa;activo
20841;Top Mangas Largo Crema SM;F;Top Mangas Largo;Prelavado Polilycra, Prelavado Taller, Talla SM, Stiker, Bolsa;activo
20833;Top Mangas Largo Durazno LXL;F;Top Mangas Largo;Prelavado Polilycra, Prelavado Taller, Talla LXL, Stiker, Bolsa;activo
20831;Top Mangas Largo Durazno SM;F;Top Mangas Largo;Prelavado Polilycra, Prelavado Taller, Talla SM, Stiker, Bolsa;activo
1999;Top Mangas Largo Azul Petroleo U;F;Top Mangas Largo;Prelavado Polilycra, Prelavado Taller, Talla U, Stiker, Bolsa;activo
18923;Top Mangas Largo Cafe LXL;F;Top Mangas Largo;Prelavado Polilycra, Prelavado Taller, Talla LXL, Stiker, Bolsa;activo
18921;Top Mangas Largo Cafe SM;F;Top Mangas Largo;Prelavado Polilycra, Prelavado Taller, Talla SM, Stiker, Bolsa;activo
18893;Top Mangas Largo Azul Bebe LXL;F;Top Mangas Largo;Prelavado Polilycra, Prelavado Taller, Talla LXL, Stiker, Bolsa;activo
18891;Top Mangas Largo Azul Bebe SM;F;Top Mangas Largo;Prelavado Polilycra, Prelavado Taller, Talla SM, Stiker, Bolsa;activo
18843;Top Mangas Largo Verde Cálido L;F;Top Mangas Largo;Prelavado Polilycra, Prelavado Taller, Talla LXL, Stiker, Bolsa;activo
18841;Top Mangas Largo Verde Cálido S;F;Top Mangas Largo;Prelavado Polilycra, Prelavado Taller, Talla LXL, Stiker, Bolsa;activo
18813;Top Mangas Largo Negro LXL;F;Top Mangas Largo;Prelavado Polilycra, Prelavado Taller, Talla LXL, Stiker, Bolsa;activo
18811;Top Mangas Largo Negro SM;F;Top Mangas Largo;Prelavado Polilycra, Prelavado Taller, Talla SM, Stiker, Bolsa;activo
18791;Top Mangas Largo Naranja SM;F;Top Mangas Largo;Prelavado Polilycra, Prelavado Taller, Talla SM, Stiker, Bolsa;activo
18783;Top Mangas Largo Lila LXL;F;Top Mangas Largo;Prelavado Polilycra, Prelavado Taller, Talla LXL, Stiker, Bolsa;activo
18781;Top Mangas Largo Lila SM;F;Top Mangas Largo;Prelavado Polilycra, Prelavado Taller, Talla SM, Stiker, Bolsa;activo
18753;Top Mangas Largo Blanco LXL;F;Top Mangas Largo;Prelavado Polilycra, Prelavado Taller, Talla LXL, Stiker, Bolsa;activo
18751;Top Mangas Largo Blanco SM;F;Top Mangas Largo;Prelavado Polilycra, Prelavado Taller, Talla SM, Stiker, Bolsa;activo
18623;Top Naty Azul L;F;Top Naty; Prelavado Polilycra, Prelavado Taller, Talla LXL, Stiker, Bolsa;activo
18621;Top Naty Azul SM;F;Top Naty; Prelavado Polilycra, Prelavado Taller, Talla SM, Stiker, Bolsa;activo
18573;Top Naty Blanco L;F;Top Naty; Prelavado Polilycra, Prelavado Taller, Talla LXL, Stiker, Bolsa;activo
18571;Top Naty Blanco SM;F;Top Naty; Prelavado Polilycra, Prelavado Taller, Talla SM, Stiker, Bolsa;activo
20571;Top Naty Coral;F;Top Naty; Prelavado Polilycra, Prelavado Taller, Talla LXL, Stiker, Bolsa;activo
20573;Top Naty Coral L;F;Top Naty; Prelavado Polilycra, Prelavado Taller, Talla LXL, Stiker, Bolsa;activo
20583;Top Naty Lila LXL;F;Top Naty; Prelavado Polilycra, Prelavado Taller, Talla LXL, Stiker, Bolsa;activo
20581;Top Naty Lila SM;F;Top Naty; Prelavado Polilycra, Prelavado Taller, Talla SM, Stiker, Bolsa;activo
18613;Top Naty Verde Militar L;F;Top Naty; Prelavado Polilycra, Prelavado Taller, Talla LXL, Stiker, Bolsa;activo
18611;Top Naty Verde Militar S;F;Top Naty; Prelavado Polilycra, Prelavado Taller, Talla SM, Stiker, Bolsa;activo
REF-0014;Top Polilycra;F;Top Polilycra;Prelavado Polilycra, Prelavado Taller, Talla LXL, Stiker, Bolsa;activo
22960;Top Straple Surtido;F;Top Polilycra;Prelavado Polilycra, Prelavado Taller, Stiker, Bolsa;activo
REF-0007;Top Recto Corto;F;Top Recto Corto;Prelavado Polilycra, Prelavado Taller, Talla LXL, Stiker, Bolsa;activo
REF-0015;Top Recto Largo;F;Top Recto Largo;Prelavado Polilycra, Prelavado Taller, Talla LXL, Stiker, Bolsa;activo
28853;Top Recto Largo Amarillo XL;F;Top Recto Largo;Prelavado Polilycra, Prelavado Taller, Talla LXL, Stiker, Bolsa;activo
20933;Top Recto Largo Durazno LXL;F;Top Recto Largo;Prelavado Polilycra, Prelavado Taller, Talla LXL, Stiker, Bolsa;activo
20931;Top Recto Largo Durazno SM;F;Top Recto Largo;Prelavado Polilycra, Prelavado Taller, Talla SM, Stiker, Bolsa;activo
20923;Top Recto Largo Crema XL;F;Top Recto Largo;Prelavado Polilycra, Prelavado Taller, Talla LXL, Stiker, Bolsa;activo
20921;Top Recto Largo Crema SM;F;Top Recto Largo;Prelavado Polilycra, Prelavado Taller, Talla SM, Stiker, Bolsa;activo
20821;Top Recto Largo Uva SM;F;Top Recto Largo;Prelavado Polilycra, Prelavado Taller, Talla SM, Stiker, Bolsa;activo
20483;Top Recto Largo Vinotinto LXL;F;Top Recto Largo;Prelavado Polilycra, Prelavado Taller, Talla LXL, Stiker, Bolsa;activo
20481;Top Recto Largo Vinotinto SM;F;Top Recto Largo;Prelavado Polilycra, Prelavado Taller, Talla SM, Stiker, Bolsa;activo
19953;Top Recto Largo Rosado LXL;F;Top Recto Largo;Prelavado Polilycra, Prelavado Taller, Talla LXL, Stiker, Bolsa;activo
19951;Top Recto Largo Rosado SM;F;Top Recto Largo;Prelavado Polilycra, Prelavado Taller, Talla SM, Stiker, Bolsa;activo
19621;Top Recto Largo Verde Cali SM;F;Top Recto Largo;Prelavado Polilycra, Prelavado Taller, Talla SM, Stiker, Bolsa;activo
19613;Top Recto Largo Agua Marina LXL;F;Top Recto Largo;Prelavado Polilycra, Prelavado Taller, Talla LXL, Stiker, Bolsa;activo
19611;Top Recto Largo Agua Marina SM;F;Top Recto Largo;Prelavado Polilycra, Prelavado Taller, Talla SM, Stiker, Bolsa;activo
19273;Top Recto Largo Verde Militar LXL;F;Top Recto Largo;Prelavado Polilycra, Prelavado Taller, Talla LXL, Stiker, Bolsa;activo
19271;Top Recto Largo Verde Militar SM;F;Top Recto Largo;Prelavado Polilycra, Prelavado Taller, Talla SM, Stiker, Bolsa;activo
19053;Top Recto Largo Lila LXL;F;Top Recto Largo;Prelavado Polilycra, Prelavado Taller, Talla LXL, Stiker, Bolsa;activo
19051;Top Recto Largo Lila SM;F;Top Recto Largo;Prelavado Polilycra, Prelavado Taller, Talla SM, Stiker, Bolsa;activo
17793;Top Recto Largo Azul LXL;F;Top Recto Largo;Prelavado Polilycra, Prelavado Taller, Talla LXL, Stiker, Bolsa;activo
17791;Top Recto Largo Azul SM;F;Top Recto Largo;Prelavado Polilycra, Prelavado Taller, Talla SM, Stiker, Bolsa;activo
17603;Top Recto Largo Camel LXL;F;Top Recto Largo;Prelavado Polilycra, Prelavado Taller, Talla LXL, Stiker, Bolsa;activo
17601;Top Recto Largo Camel SM;F;Top Recto Largo;Prelavado Polilycra, Prelavado Taller, Talla SM, Stiker, Bolsa;activo
17591;Top Recto Largo Fucsia SM;F;Top Recto Largo;Prelavado Polilycra, Prelavado Taller, Talla SM, Stiker, Bolsa;activo
17583;Top Recto Largo Negro LXL;F;Top Recto Largo;Prelavado Polilycra, Prelavado Taller, Talla LXL, Stiker, Bolsa;activo
17581;Top Recto Largo Negro SM;F;Top Recto Largo;Prelavado Polilycra, Prelavado Taller, Talla SM, Stiker, Bolsa;activo
17573;Top Recto Largo Rojo LXL;F;Top Recto Largo;Prelavado Polilycra, Prelavado Taller, Talla LXL, Stiker, Bolsa;activo
17571;Top Recto Largo Rojo SM;F;Top Recto Largo;Prelavado Polilycra, Prelavado Taller, Talla SM, Stiker, Bolsa;activo
17553;Top Recto Largo Verde Oliva LXL;F;Top Recto Largo;Prelavado Polilycra, Prelavado Taller, Talla LXL, Stiker, Bolsa;activo
17551;Top Recto Largo Verde Oliva SM;F;Top Recto Largo;Prelavado Polilycra, Prelavado Taller, Talla SM, Stiker, Bolsa;activo
17543;Top Recto Largo Camel LXL;F;Top Recto Largo;Prelavado Polilycra, Prelavado Taller, Talla LXL, Stiker, Bolsa;activo
17541;Top Recto Largo Camel SM;F;Top Recto Largo;Prelavado Polilycra, Prelavado Taller, Talla SM, Stiker, Bolsa;activo
17533;Top Recto Largo Azul Bebe LXL;F;Top Recto Largo;Prelavado Polilycra, Prelavado Taller, Talla LXL, Stiker, Bolsa;activo
17531;Top Recto Largo Azul Bebe SM;F;Top Recto Largo;Prelavado Polilycra, Prelavado Taller, Talla SM, Stiker, Bolsa;activo
17503;Top Recto Largo Blanco LXL;F;Top Recto Largo;Prelavado Polilycra, Prelavado Taller, Talla LXL, Stiker, Bolsa;activo
17501;Top Recto Largo Blanco SM;F;Top Recto Largo;Prelavado Polilycra, Prelavado Taller, Talla SM, Stiker, Bolsa;activo
21501;Top Recto Largo Azul Rey SM;F;Top Recto Largo;Prelavado Polilycra, Prelavado Taller, Talla SM, Stiker, Bolsa;activo
23591;Top Recto Largo Gris SM;F;Top Recto Largo;Prelavado Polilycra, Prelavado Taller, Talla SM, Stiker, Bolsa;activo
23593;Top Recto Largo Gris LXL;F;Top Recto Largo;Prelavado Polilycra, Prelavado Taller, Talla LXL, Stiker, Bolsa;activo
23721;Top Recto Largo Palo Rosa LXL;F;Top Recto Largo;Prelavado Polilycra, Prelavado Taller, Talla LXL, Stiker, Bolsa;activo
27171;Top Recto Largo Terracota SM;F;Top Recto Largo;Prelavado Polilycra, Prelavado Taller, Talla SM, Stiker, Bolsa;activo
27173;Top Recto Largo Terracota LXL;F;Top Recto Largo;Prelavado Polilycra, Prelavado Taller, Talla LXL, Stiker, Bolsa;activo
28851;Top Recto Largo Amarillo SM;F;Top Recto Largo;Prelavado Polilycra, Prelavado Taller, Talla SM, Stiker, Bolsa;activo
18073;Buzo Rib Amarillo L;F;Top Rib; Prelavado Polilycra, Prelavado Taller, Talla LXL, Stiker, Bolsa;activo
18071;Buzo Rib Amarillo SM;F;Top Rib; Prelavado Polilycra, Prelavado Taller, Talla SM, Stiker, Bolsa;activo
18091;Buzo Rib Fucsia SM;F;Top Rib; Prelavado Polilycra, Prelavado Taller, Talla SM, Stiker, Bolsa;activo
18151;Buzo Rib Lila SM;F;Top Rib; Prelavado Polilycra, Prelavado Taller, Talla SM, Stiker, Bolsa;activo
20231;Buzo Rib Verde Cali SM;F;Top Rib; Prelavado Polilycra, Prelavado Taller, Talla SM, Stiker, Bolsa;activo
20623;Clasico Azul Bebe LXL;F;Top Rib; Prelavado Polilycra, Prelavado Taller, Talla LXL, Stiker, Bolsa;activo
20621;Clasico Azul Bebe SM;F;Top Rib; Prelavado Polilycra, Prelavado Taller, Talla SM, Stiker, Bolsa;activo
16273;Clasico Azul LXL;F;Top Rib; Prelavado Polilycra, Prelavado Taller, Talla LXL, Stiker, Bolsa;activo
16271;Clasico Azul SM;F;Top Rib; Prelavado Polilycra, Prelavado Taller, Talla SM, Stiker, Bolsa;activo
17461;Clasico Blanco S;F;Top Rib; Prelavado Polilycra, Prelavado Taller, Talla LXL, Stiker, Bolsa;activo
17464;Clasico Blanco XL;F;Top Rib; Prelavado Polilycra, Prelavado Taller, Talla LXL, Stiker, Bolsa;activo
21153;Clasico Cafe LXL;F;Top Rib; Prelavado Polilycra, Prelavado Taller, Talla LXL, Stiker, Bolsa;activo
21151;Clasico Cafe SM;F;Top Rib; Prelavado Polilycra, Prelavado Taller, Talla SM, Stiker, Bolsa;activo
26443;Clasico Camel LXL;F;Top Rib; Prelavado Polilycra, Prelavado Taller, Talla LXL, Stiker, Bolsa;activo
26441;Clasico Camel SM;F;Top Rib; Prelavado Polilycra, Prelavado Taller, Talla SM, Stiker, Bolsa;activo
29063;Clasico Colores surtidos XL;F;Top Rib; Prelavado Polilycra, Prelavado Taller, Talla LXL, Stiker, Bolsa;activo
16281;Clasico Fucsia/Purpura SM;F;Top Rib; Prelavado Polilycra, Prelavado Taller, Talla SM, Stiker, Bolsa;activo
16303;Clasico Gris LXL;F;Top Rib; Prelavado Polilycra, Prelavado Taller, Talla LXL, Stiker, Bolsa;activo
16301;Clasico Gris SM;F;Top Rib; Prelavado Polilycra, Prelavado Taller, Talla SM, Stiker, Bolsa;activo
16291;Clasico Lila SM;F;Top Rib; Prelavado Polilycra, Prelavado Taller, Talla SM, Stiker, Bolsa;activo
16294;Clasico Lila XL;F;Top Rib; Prelavado Polilycra, Prelavado Taller, Talla LXL, Stiker, Bolsa;activo
16243;Clasico Marfil LXL;F;Top Rib; Prelavado Polilycra, Prelavado Taller, Talla LXL, Stiker, Bolsa;activo
16241;Clasico Marfil SM;F;Top Rib; Prelavado Polilycra, Prelavado Taller, Talla SM, Stiker, Bolsa;activo
20591;Clasico Mora Leche SM;F;Top Rib; Prelavado Polilycra, Prelavado Taller, Talla SM, Stiker, Bolsa;activo
16203;Clasico Negro LXL;F;Top Rib; Prelavado Polilycra, Prelavado Taller, Talla LXL, Stiker, Bolsa;activo
16201;Clasico Negro SM;F;Top Rib; Prelavado Polilycra, Prelavado Taller, Talla SM, Stiker, Bolsa;activo
16331;Clasico Palo de Rosa SM;F;Top Rib; Prelavado Polilycra, Prelavado Taller, Talla SM, Stiker, Bolsa;activo
16334;Clasico Palo de Rosa XL;F;Top Rib; Prelavado Polilycra, Prelavado Taller, Talla LXL, Stiker, Bolsa;activo
16283;Clasico Purpura XL;F;Top Rib; Prelavado Polilycra, Prelavado Taller, Talla LXL, Stiker, Bolsa;activo
16313;Clasico Rojo LXL;F;Top Rib; Prelavado Polilycra, Prelavado Taller, Talla LXL, Stiker, Bolsa;activo
16311;Clasico Rojo SM;F;Top Rib; Prelavado Polilycra, Prelavado Taller, Talla SM, Stiker, Bolsa;activo
20613;Clasico Rosa LXL;F;Top Rib; Prelavado Polilycra, Prelavado Taller, Talla LXL, Stiker, Bolsa;activo
20611;Clasico Rosa SM;F;Top Rib; Prelavado Polilycra, Prelavado Taller, Talla SM, Stiker, Bolsa;activo
21144;Clasico Turqueza XL;F;Top Rib; Prelavado Polilycra, Prelavado Taller, Talla LXL, Stiker, Bolsa;activo
22113;Clasico Verde Cali LXL;F;Top Rib; Prelavado Polilycra, Prelavado Taller, Talla LXL, Stiker, Bolsa;activo
22111;Clasico Verde Cali SM;F;Top Rib; Prelavado Polilycra, Prelavado Taller, Talla SM, Stiker, Bolsa;activo
18064;Clasico Verde Menta XL;F;Top Rib; Prelavado Polilycra, Prelavado Taller, Talla LXL, Stiker, Bolsa;activo
18061;Clasico Verde Menta/Manzana SM;F;Top Rib; Prelavado Polilycra, Prelavado Taller, Talla SM, Stiker, Bolsa;activo
18063;Clasico Verde Menta/Manzana XL;F;Top Rib; Prelavado Polilycra, Prelavado Taller, Talla LXL, Stiker, Bolsa;activo
18053;Clasico Verde Militar LXL;F;Top Rib; Prelavado Polilycra, Prelavado Taller, Talla LXL, Stiker, Bolsa;activo
18051;Clasico Verde Militar SM;F;Top Rib; Prelavado Polilycra, Prelavado Taller, Talla SM, Stiker, Bolsa;activo
22883;Rib Aurora Azul Bebe LXL;F;Top Rib; Prelavado Polilycra, Prelavado Taller, Talla LXL, Stiker, Bolsa;activo
22881;Rib Aurora Azul Bebe SM;F;Top Rib; Prelavado Polilycra, Prelavado Taller, Talla SM, Stiker, Bolsa;activo
24793;Rib Aurora Cafe LXL;F;Top Rib; Prelavado Polilycra, Prelavado Taller, Talla LXL, Stiker, Bolsa;activo
24791;Rib Aurora Cafe SM;F;Top Rib; Prelavado Polilycra, Prelavado Taller, Talla SM, Stiker, Bolsa;activo
27083;Rib Aurora Camel LXL;F;Top Rib; Prelavado Polilycra, Prelavado Taller, Talla LXL, Stiker, Bolsa;activo
27081;Rib Aurora Camel SM;F;Top Rib; Prelavado Polilycra, Prelavado Taller, Talla SM, Stiker, Bolsa;activo
24043;Rib Aurora Gris LXL;F;Top Rib; Prelavado Polilycra, Prelavado Taller, Talla LXL, Stiker, Bolsa;activo
24041;Rib Aurora Gris SM;F;Top Rib; Prelavado Polilycra, Prelavado Taller, Talla SM, Stiker, Bolsa;activo
23661;Rib Aurora Lila SM;F;Top Rib; Prelavado Polilycra, Prelavado Taller, Talla SM, Stiker, Bolsa;activo
23663;Rib Aurora Lila XL;F;Top Rib; Prelavado Polilycra, Prelavado Taller, Talla LXL, Stiker, Bolsa;activo
22853;Rib Aurora Marfil LXL;F;Top Rib; Prelavado Polilycra, Prelavado Taller, Talla LXL, Stiker, Bolsa;activo
22851;Rib Aurora Marfil SM;F;Top Rib; Prelavado Polilycra, Prelavado Taller, Talla SM, Stiker, Bolsa;activo
22843;Rib Aurora Negro LXL;F;Top Rib; Prelavado Polilycra, Prelavado Taller, Talla LXL, Stiker, Bolsa;activo
22841;Rib Aurora Negro SM;F;Top Rib; Prelavado Polilycra, Prelavado Taller, Talla SM, Stiker, Bolsa;activo
23671;Rib Aurora Palo Rosa SM;F;Top Rib; Prelavado Polilycra, Prelavado Taller, Talla SM, Stiker, Bolsa;activo
23673;Rib Aurora Palo Rosa XL;F;Top Rib; Prelavado Polilycra, Prelavado Taller, Talla LXL, Stiker, Bolsa;activo
24813;Rib Aurora Purpura LXL;F;Top Rib; Prelavado Polilycra, Prelavado Taller, Talla LXL, Stiker, Bolsa;activo
24811;Rib Aurora Purpura SM;F;Top Rib; Prelavado Polilycra, Prelavado Taller, Talla SM, Stiker, Bolsa;activo
22871;Rib Aurora Rojo SM;F;Top Rib; Prelavado Polilycra, Prelavado Taller, Talla SM, Stiker, Bolsa;activo
22873;Rib Aurora Rojo XL;F;Top Rib; Prelavado Polilycra, Prelavado Taller, Talla LXL, Stiker, Bolsa;activo
24823;Rib Aurora Rosa LXL;F;Top Rib; Prelavado Polilycra, Prelavado Taller, Talla LXL, Stiker, Bolsa;activo
24821;Rib Aurora Rosa SM;F;Top Rib; Prelavado Polilycra, Prelavado Taller, Talla SM, Stiker, Bolsa;activo
24833;Rib Aurora Verde Cali LXL;F;Top Rib; Prelavado Polilycra, Prelavado Taller, Talla LXL, Stiker, Bolsa;activo
24831;Rib Aurora Verde Cali SM;F;Top Rib; Prelavado Polilycra, Prelavado Taller, Talla SM, Stiker, Bolsa;activo
23681;Rib Aurora Verde Menta/Manzana SM;F;Top Rib; Prelavado Polilycra, Prelavado Taller, Talla SM, Stiker, Bolsa;activo
23683;Rib Aurora Verde Menta/Manzana XL;F;Top Rib; Prelavado Polilycra, Prelavado Taller, Talla LXL, Stiker, Bolsa;activo
22863;Rib Aurora Verde Militar LXL;F;Top Rib; Prelavado Polilycra, Prelavado Taller, Talla LXL, Stiker, Bolsa;activo
22861;Rib Aurora Verde Militar SM;F;Top Rib; Prelavado Polilycra, Prelavado Taller, Talla SM, Stiker, Bolsa;activo
22913;Rib Bony Azul Bebe LXL;F;Top Rib; Prelavado Polilycra, Prelavado Taller, Talla LXL, Stiker, Bolsa;activo
22911;Rib Bony Azul Bebe SM;F;Top Rib; Prelavado Polilycra, Prelavado Taller, Talla SM, Stiker, Bolsa;activo
26763;Rib Bony Cafe LXL;F;Top Rib; Prelavado Polilycra, Prelavado Taller, Talla LXL, Stiker, Bolsa;activo
26761;Rib Bony Cafe SM;F;Top Rib; Prelavado Polilycra, Prelavado Taller, Talla SM, Stiker, Bolsa;activo
26753;Rib Bony Camel LXL;F;Top Rib; Prelavado Polilycra, Prelavado Taller, Talla LXL, Stiker, Bolsa;activo
26751;Rib Bony Camel SM;F;Top Rib; Prelavado Polilycra, Prelavado Taller, Talla SM, Stiker, Bolsa;activo
24013;Rib Bony Gris LXL;F;Top Rib; Prelavado Polilycra, Prelavado Taller, Talla LXL, Stiker, Bolsa;activo
24011;Rib Bony Gris SM;F;Top Rib; Prelavado Polilycra, Prelavado Taller, Talla SM, Stiker, Bolsa;activo
23694;Rib Bony Lila  LXL;F;Top Rib; Prelavado Polilycra, Prelavado Taller, Talla LXL, Stiker, Bolsa;activo
23691;Rib Bony Lila SM;F;Top Rib; Prelavado Polilycra, Prelavado Taller, Talla SM, Stiker, Bolsa;activo
22893;Rib Bony Marfil LXL;F;Top Rib; Prelavado Polilycra, Prelavado Taller, Talla LXL, Stiker, Bolsa;activo
22891;Rib Bony Marfil SM;F;Top Rib; Prelavado Polilycra, Prelavado Taller, Talla SM, Stiker, Bolsa;activo
22933;Rib Bony Negro LXL;F;Top Rib; Prelavado Polilycra, Prelavado Taller, Talla LXL, Stiker, Bolsa;activo
22931;Rib Bony Negro SM;F;Top Rib; Prelavado Polilycra, Prelavado Taller, Talla SM, Stiker, Bolsa;activo
23704;Rib Bony Palo Rosa  XL;F;Top Rib; Prelavado Polilycra, Prelavado Taller, Talla LXL, Stiker, Bolsa;activo
23701;Rib Bony Palo Rosa SM;F;Top Rib; Prelavado Polilycra, Prelavado Taller, Talla SM, Stiker, Bolsa;activo
23714;Rib Bony Verde Menta LXL;F;Top Rib; Prelavado Polilycra, Prelavado Taller, Talla LXL, Stiker, Bolsa;activo
23711;Rib Bony Verde Menta SM;F;Top Rib; Prelavado Polilycra, Prelavado Taller, Talla SM, Stiker, Bolsa;activo
22943;Rib Bony Verde Militar LXL;F;Top Rib; Prelavado Polilycra, Prelavado Taller, Talla LXL, Stiker, Bolsa;activo
22941;Rib Bony Verde Militar SM;F;Top Rib; Prelavado Polilycra, Prelavado Taller, Talla SM, Stiker, Bolsa;activo
25423;Rib Estrella Azul Bebe LXL;F;Top Rib; Prelavado Polilycra, Prelavado Taller, Talla LXL, Stiker, Bolsa;activo
25421;Rib Estrella Azul Bebe SM;F;Top Rib; Prelavado Polilycra, Prelavado Taller, Talla SM, Stiker, Bolsa;activo
21973;Rib Estrella Blanco LXL;F;Top Rib; Prelavado Polilycra, Prelavado Taller, Talla LXL, Stiker, Bolsa;activo
21971;Rib Estrella Blanco SM;F;Top Rib; Prelavado Polilycra, Prelavado Taller, Talla SM, Stiker, Bolsa;activo
26793;Rib Estrella Cafe LXL;F;Top Rib; Prelavado Polilycra, Prelavado Taller, Talla LXL, Stiker, Bolsa;activo
26791;Rib Estrella Cafe SM;F;Top Rib; Prelavado Polilycra, Prelavado Taller, Talla SM, Stiker, Bolsa;activo
26803;Rib Estrella Camel LXL;F;Top Rib; Prelavado Polilycra, Prelavado Taller, Talla LXL, Stiker, Bolsa;activo
26801;Rib Estrella Camel SM;F;Top Rib; Prelavado Polilycra, Prelavado Taller, Talla SM, Stiker, Bolsa;activo
26773;Rib Estrella Lila LXL;F;Top Rib; Prelavado Polilycra, Prelavado Taller, Talla LXL, Stiker, Bolsa;activo
26771;Rib Estrella Lila SM;F;Top Rib; Prelavado Polilycra, Prelavado Taller, Talla SM, Stiker, Bolsa;activo
21103;Rib Estrella Marfil LXL;F;Top Rib; Prelavado Polilycra, Prelavado Taller, Talla LXL, Stiker, Bolsa;activo
21101;Rib Estrella Marfil SM;F;Top Rib; Prelavado Polilycra, Prelavado Taller, Talla SM, Stiker, Bolsa;activo
25233;Rib Estrella Negro LXL;F;Top Rib; Prelavado Polilycra, Prelavado Taller, Talla LXL, Stiker, Bolsa;activo
25231;Rib Estrella Negro SM;F;Top Rib; Prelavado Polilycra, Prelavado Taller, Talla SM, Stiker, Bolsa;activo
26783;Rib Estrella Palo Rosa LXL;F;Top Rib; Prelavado Polilycra, Prelavado Taller, Talla LXL, Stiker, Bolsa;activo
26781;Rib Estrella Palo Rosa SM;F;Top Rib; Prelavado Polilycra, Prelavado Taller, Talla SM, Stiker, Bolsa;activo
22641;Rib Estrella Rojo SM;F;Top Rib; Prelavado Polilycra, Prelavado Taller, Talla SM, Stiker, Bolsa;activo
20651;Rib Estrella Rosa SM;F;Top Rib; Prelavado Polilycra, Prelavado Taller, Talla SM, Stiker, Bolsa;activo
22123;Rib Estrella Verde Calido LXL;F;Top Rib; Prelavado Polilycra, Prelavado Taller, Talla LXL, Stiker, Bolsa;activo
22121;Rib Estrella Verde Calido S;F;Top Rib; Prelavado Polilycra, Prelavado Taller, Talla LXL, Stiker, Bolsa;activo
25433;Rib Estrella Verde Militar LXL;F;Top Rib; Prelavado Polilycra, Prelavado Taller, Talla LXL, Stiker, Bolsa;activo
25431;Rib Estrella Verde Militar SM;F;Top Rib; Prelavado Polilycra, Prelavado Taller, Talla SM, Stiker, Bolsa;activo
25213;Rib Muffin Azul Bebe LXL;F;Top Rib; Prelavado Polilycra, Prelavado Taller, Talla LXL, Stiker, Bolsa;activo
25211;Rib Muffin Azul Bebe SM;F;Top Rib; Prelavado Polilycra, Prelavado Taller, Talla SM, Stiker, Bolsa;activo
26813;Rib Muffin Blanco LXL;F;Top Rib; Prelavado Polilycra, Prelavado Taller, Talla LXL, Stiker, Bolsa;activo
26811;Rib Muffin Blanco SM;F;Top Rib; Prelavado Polilycra, Prelavado Taller, Talla SM, Stiker, Bolsa;activo
27513;Rib Muffin Gris LXL;F;Top Rib; Prelavado Polilycra, Prelavado Taller, Talla LXL, Stiker, Bolsa;activo
27511;Rib Muffin Gris SM;F;Top Rib; Prelavado Polilycra, Prelavado Taller, Talla SM, Stiker, Bolsa;activo
25203;Rib Muffin Marfil LXL;F;Top Rib; Prelavado Polilycra, Prelavado Taller, Talla LXL, Stiker, Bolsa;activo
25201;Rib Muffin Marfil SM;F;Top Rib; Prelavado Polilycra, Prelavado Taller, Talla SM, Stiker, Bolsa;activo
25193;Rib Muffin Negro LXL;F;Top Rib; Prelavado Polilycra, Prelavado Taller, Talla LXL, Stiker, Bolsa;activo
25191;Rib Muffin Negro SM;F;Top Rib; Prelavado Polilycra, Prelavado Taller, Talla SM, Stiker, Bolsa;activo
25223;Rib Muffin Verde Militar LXL;F;Top Rib; Prelavado Polilycra, Prelavado Taller, Talla LXL, Stiker, Bolsa;activo
25221;Rib Muffin Verde Militar SM;F;Top Rib; Prelavado Polilycra, Prelavado Taller, Talla SM, Stiker, Bolsa;activo
20793;Top Rib Cuello en U Azul Bebe XL;F;Top Rib; Prelavado Polilycra, Prelavado Taller, Talla U, Stiker, Bolsa;activo
17091;Top Rib Cuello en U Blanco S;F;Top Rib; Prelavado Polilycra, Prelavado Taller, Talla U, Stiker, Bolsa;activo
22093;Top Rib Cuello en U Cocoa LXL;F;Top Rib; Prelavado Polilycra, Prelavado Taller, Talla U, Stiker, Bolsa;activo
22091;Top Rib Cuello en U Cocoa SM;F;Top Rib; Prelavado Polilycra, Prelavado Taller, Talla U, Stiker, Bolsa;activo
19073;Top Rib Cuello en U Ladrillo L;F;Top Rib; Prelavado Polilycra, Prelavado Taller, Talla U, Stiker, Bolsa;activo
19133;Top Rib Cuello en U Lila L;F;Top Rib; Prelavado Polilycra, Prelavado Taller, Talla U, Stiker, Bolsa;activo
19131;Top Rib Cuello en U Lila S;F;Top Rib; Prelavado Polilycra, Prelavado Taller, Talla U, Stiker, Bolsa;activo
19083;Top Rib Cuello en U Negro L;F;Top Rib; Prelavado Polilycra, Prelavado Taller, Talla U, Stiker, Bolsa;activo
22063;Top Rib Cuello en U Palo Rosa LXL;F;Top Rib; Prelavado Polilycra, Prelavado Taller, Talla U, Stiker, Bolsa;activo
22061;Top Rib Cuello en U Palo Rosa SM;F;Top Rib; Prelavado Polilycra, Prelavado Taller, Talla U, Stiker, Bolsa;activo
20783;Top Rib Cuello en U Rosa XL;F;Top Rib; Prelavado Polilycra, Prelavado Taller, Talla U, Stiker, Bolsa;activo
22083;Top Rib Cuello en U Turquesa LXL;F;Top Rib; Prelavado Polilycra, Prelavado Taller, Talla U, Stiker, Bolsa;activo
19093;Top Rib Cuello en U Verde Menta L;F;Top Rib; Prelavado Polilycra, Prelavado Taller, Talla U, Stiker, Bolsa;activo
22073;Top Rib Cuello en U Vinotinto LXL;F;Top Rib; Prelavado Polilycra, Prelavado Taller, Talla U, Stiker, Bolsa;activo
20723;Top Rib Tortuga Azul Bebe XL;F;Top Rib; Prelavado Polilycra, Prelavado Taller, Talla LXL, Stiker, Bolsa;activo
18963;Top Rib Tortuga Blanco L;F;Top Rib; Prelavado Polilycra, Prelavado Taller, Talla LXL, Stiker, Bolsa;activo
18961;Top Rib Tortuga Blanco S;F;Top Rib; Prelavado Polilycra, Prelavado Taller, Talla SM, Stiker, Bolsa;activo
20701;Top Rib Tortuga Rosa SM;F;Top Rib; Prelavado Polilycra, Prelavado Taller, Talla SM, Stiker, Bolsa;activo
20703;Top Rib Tortuga Rosa XL;F;Top Rib; Prelavado Polilycra, Prelavado Taller, Talla LXL, Stiker, Bolsa;activo
REF-0006;Top Una Manga;F;Top Una Manga;Prelavado Polilycra, Prelavado Taller, Talla U, Stiker, Bolsa;activo
1662;Top Una Manga;F;Top Una Manga;Prelavado Polilycra, Prelavado Taller, Talla U, Stiker, Bolsa;activo
REF-0016;Top Vainilla;F;Top Vainilla;Prelavado Polilycra, Prelavado Taller, Talla LXL, Stiker, Bolsa;activo
20351;Top Vainilla Blanco;F;Top Vainilla;Prelavado Polilycra, Prelavado Taller, Talla LXL, Stiker, Bolsa;activo
20371;Top Vainilla Beige;F;Top Vainilla;Prelavado Polilycra, Prelavado Taller, Talla LXL, Stiker, Bolsa;activo
20381;Top Vainilla Rojo;F;Top Vainilla;Prelavado Polilycra, Prelavado Taller, Talla LXL, Stiker, Bolsa;activo
24161;Top Vainilla Verde Militar;F;Top Vainilla;Prelavado Polilycra, Prelavado Taller, Talla LXL, Stiker, Bolsa;activo
24171;Top Vainilla Cafe;F;Top Vainilla;Prelavado Polilycra, Prelavado Taller, Talla LXL, Stiker, Bolsa;activo
27461;Top Vainilla Negro;F;Top Vainilla;Prelavado Polilycra, Prelavado Taller, Talla LXL, Stiker, Bolsa;activo
28191;Top Vainilla Crema SM;F;Top Vainilla;Prelavado Polilycra, Prelavado Taller, Talla SM, Stiker, Bolsa;activo
28193;Top Vainilla Crema LXL;F;Top Vainilla;Prelavado Polilycra, Prelavado Taller, Talla LXL, Stiker, Bolsa;activo
REF-0017;Top Vanti;F;Top Vanti;Prelavado Polilycra, Prelavado Taller, Talla LXL, Stiker, Bolsa;activo
24911;Top Vanti Blanco SM;F;Top Vanti;Prelavado Polilycra, Prelavado Taller, Talla SM, Stiker, Bolsa;activo
24913;Top Vanti Blanco LXL;F;Top Vanti;Prelavado Polilycra, Prelavado Taller, Talla LXL, Stiker, Bolsa;activo
24921;Top Vanti Lila SM;F;Top Vanti;Prelavado Polilycra, Prelavado Taller, Talla SM, Stiker, Bolsa;activo
24923;Top Vanti Lila LXL;F;Top Vanti;Prelavado Polilycra, Prelavado Taller, Talla LXL, Stiker, Bolsa;activo
24931;Top Vanti Azul Oscuro SM;F;Top Vanti;Prelavado Polilycra, Prelavado Taller, Talla SM, Stiker, Bolsa;activo
24933;Top Vanti Azul Oscuro LXL;F;Top Vanti;Prelavado Polilycra, Prelavado Taller, Talla LXL, Stiker, Bolsa;activo
24941;Top Vanti Gris SM;F;Top Vanti;Prelavado Polilycra, Prelavado Taller, Talla SM, Stiker, Bolsa;activo
24943;Top Vanti Gris LXL;F;Top Vanti;Prelavado Polilycra, Prelavado Taller, Talla LXL, Stiker, Bolsa;activo
24951;Top Vanti Crema SM;F;Top Vanti;Prelavado Polilycra, Prelavado Taller, Talla SM, Stiker, Bolsa;activo
24953;Top Vanti Crema LXL;F;Top Vanti;Prelavado Polilycra, Prelavado Taller, Talla LXL, Stiker, Bolsa;activo
24961;Top Vanti Negro SM;F;Top Vanti;Prelavado Polilycra, Prelavado Taller, Talla SM, Stiker, Bolsa;activo
24963;Top Vanti Negro LXL;F;Top Vanti;Prelavado Polilycra, Prelavado Taller, Talla LXL, Stiker, Bolsa;activo
24971;Top Vanti Verde Militar SM;F;Top Vanti;Prelavado Polilycra, Prelavado Taller, Talla SM, Stiker, Bolsa;activo
24973;Top Vanti Verde Militar LXL;F;Top Vanti;Prelavado Polilycra, Prelavado Taller, Talla LXL, Stiker, Bolsa;activo
26291;Top Vanti Verde Oliva SM;F;Top Vanti;Prelavado Polilycra, Prelavado Taller, Talla SM, Stiker, Bolsa;activo
26293;Top Vanti Verde Oliva LXL;F;Top Vanti;Prelavado Polilycra, Prelavado Taller, Talla LXL, Stiker, Bolsa;activo
26461;Top Vanti Camel SM;F;Top Vanti;Prelavado Polilycra, Prelavado Taller, Talla SM, Stiker, Bolsa;activo
26463;Top Vanti Camel LXL;F;Top Vanti;Prelavado Polilycra, Prelavado Taller, Talla LXL, Stiker, Bolsa;activo
26501;Top Vanti Cafe SM;F;Top Vanti;Prelavado Polilycra, Prelavado Taller, Talla SM, Stiker, Bolsa;activo
26503;Top Vanti Cafe LXL;F;Top Vanti;Prelavado Polilycra, Prelavado Taller, Talla LXL, Stiker, Bolsa;activo
27141;Top Vanti Terracota SM;F;Top Vanti;Prelavado Polilycra, Prelavado Taller, Talla SM, Stiker, Bolsa;activo
27143;Top Vanti Terracota LXL;F;Top Vanti;Prelavado Polilycra, Prelavado Taller, Talla LXL, Stiker, Bolsa;activo
27151;Top Vanti Azul Bebe SM;F;Top Vanti;Prelavado Polilycra, Prelavado Taller, Talla SM, Stiker, Bolsa;activo
27153;Top Vanti Azul Bebe LXL;F;Top Vanti;Prelavado Polilycra, Prelavado Taller, Talla LXL, Stiker, Bolsa;activo
28511;Top Vanti Rojo Sm;F;Top Vanti;Prelavado Polilycra, Prelavado Taller, Talla SM, Stiker, Bolsa;activo
28791;Top Vanti Durazno SM;F;Top Vanti;Prelavado Polilycra, Prelavado Taller, Talla SM, Stiker, Bolsa;activo
28881;Top Vanti Amarillo SM;F;Top Vanti;Prelavado Polilycra, Prelavado Taller, Talla SM, Stiker, Bolsa;activo
28971;Top Vanti Vinotinto SM;F;Top Vanti;Prelavado Polilycra, Prelavado Taller, Talla SM, Stiker, Bolsa;activo
28973;Top Vanti Vinotinto LXL;F;Top Vanti;Prelavado Polilycra, Prelavado Taller, Talla LXL, Stiker, Bolsa;activo
28881;Top Vanti Amarillo SM;F;Top Vanti; Prelavado Polilycra, Prelavado Taller, Talla SM, Stiker, Bolsa;activo
27153;Top Vanti Azul Bebe LXL;F;Top Vanti; Prelavado Polilycra, Prelavado Taller, Talla LXL, Stiker, Bolsa;activo
27151;Top Vanti Azul Bebe SM;F;Top Vanti; Prelavado Polilycra, Prelavado Taller, Talla SM, Stiker, Bolsa;activo
24933;Top Vanti Azul Oscuro LXL;F;Top Vanti; Prelavado Polilycra, Prelavado Taller, Talla LXL, Stiker, Bolsa;activo
24931;Top Vanti Azul Oscuro SM;F;Top Vanti; Prelavado Polilycra, Prelavado Taller, Talla SM, Stiker, Bolsa;activo
24913;Top Vanti Blanco LXL;F;Top Vanti; Prelavado Polilycra, Prelavado Taller, Talla LXL, Stiker, Bolsa;activo
24911;Top Vanti Blanco SM;F;Top Vanti; Prelavado Polilycra, Prelavado Taller, Talla SM, Stiker, Bolsa;activo
26503;Top Vanti Cafe LXL;F;Top Vanti; Prelavado Polilycra, Prelavado Taller, Talla LXL, Stiker, Bolsa;activo
26501;Top Vanti Cafe SM;F;Top Vanti; Prelavado Polilycra, Prelavado Taller, Talla SM, Stiker, Bolsa;activo
26463;Top Vanti Camel LXL;F;Top Vanti; Prelavado Polilycra, Prelavado Taller, Talla LXL, Stiker, Bolsa;activo
26461;Top Vanti Camel SM;F;Top Vanti; Prelavado Polilycra, Prelavado Taller, Talla SM, Stiker, Bolsa;activo
24953;Top Vanti Crema LXL;F;Top Vanti; Prelavado Polilycra, Prelavado Taller, Talla LXL, Stiker, Bolsa;activo
24951;Top Vanti Crema SM;F;Top Vanti; Prelavado Polilycra, Prelavado Taller, Talla SM, Stiker, Bolsa;activo
28791;Top Vanti Durazno SM;F;Top Vanti; Prelavado Polilycra, Prelavado Taller, Talla SM, Stiker, Bolsa;activo
24943;Top Vanti Gris LXL;F;Top Vanti; Prelavado Polilycra, Prelavado Taller, Talla LXL, Stiker, Bolsa;activo
24941;Top Vanti Gris SM;F;Top Vanti; Prelavado Polilycra, Prelavado Taller, Talla SM, Stiker, Bolsa;activo
24923;Top Vanti Lila LXL;F;Top Vanti; Prelavado Polilycra, Prelavado Taller, Talla LXL, Stiker, Bolsa;activo
24921;Top Vanti Lila SM;F;Top Vanti; Prelavado Polilycra, Prelavado Taller, Talla SM, Stiker, Bolsa;activo
24963;Top Vanti Negro LXL;F;Top Vanti; Prelavado Polilycra, Prelavado Taller, Talla LXL, Stiker, Bolsa;activo
24961;Top Vanti Negro SM;F;Top Vanti; Prelavado Polilycra, Prelavado Taller, Talla SM, Stiker, Bolsa;activo
28511;Top Vanti Rojo SM;F;Top Vanti; Prelavado Polilycra, Prelavado Taller, Talla SM, Stiker, Bolsa;activo
27143;Top Vanti Terracota LXL;F;Top Vanti; Prelavado Polilycra, Prelavado Taller, Talla LXL, Stiker, Bolsa;activo
27141;Top Vanti Terracota SM;F;Top Vanti; Prelavado Polilycra, Prelavado Taller, Talla SM, Stiker, Bolsa;activo
24973;Top Vanti Verde Militar LXL;F;Top Vanti; Prelavado Polilycra, Prelavado Taller, Talla LXL, Stiker, Bolsa;activo
24971;Top Vanti Verde Militar SM;F;Top Vanti; Prelavado Polilycra, Prelavado Taller, Talla SM, Stiker, Bolsa;activo
26293;Top Vanti Verde Oliva LXL;F;Top Vanti; Prelavado Polilycra, Prelavado Taller, Talla LXL, Stiker, Bolsa;activo
26291;Top Vanti Verde Oliva SM;F;Top Vanti; Prelavado Polilycra, Prelavado Taller, Talla SM, Stiker, Bolsa;activo
28973;Top Vanti Vinotinto LXL;F;Top Vanti; Prelavado Polilycra, Prelavado Taller, Talla LXL, Stiker, Bolsa;activo
28971;Top Vanti Vinotinto SM;F;Top Vanti; Prelavado Polilycra, Prelavado Taller, Talla SM, Stiker, Bolsa;activo
;;;;;
;;;;;
;;;;;
;;;;;
;;;;;
;;;;;
;;;;;
;;;;;
;;;;;
;;;;;
;;;;;
;;;;;
;;;;;
;;;;;
;;;;;
;;;;;
;;;;;
;;;;;
;;;;;
;;;;;
;;;;;
;;;;;
;;;;;
;;;;;
;;;;;
;;;;;
;;;;;
;;;;;
;;;;;
;;;;;
;;;;;
;;;;;
;;;;;
;;;;;
